Canal_1,Canal_2,Canal_3,Canal_4,Canal_5
0.1446,1.4404,4.2689,-9.2554,-2.8426
-0.1554,0.1404,3.3689,-10.555,-2.0426
2.1446,0.5404,4.4689,-7.7554,0.1574
1.9446,-2.2596,0.8689,-8.5554,0.4574
3.3446,-0.7596,2.2689,-6.9554,1.6574
3.0446,-2.3596,2.5689,-7.7554,1.6574
4.1446,-3.8596,3.1689,-6.8554,1.8574
4.0446,-4.7596,3.2689,-8.6554,2.7574
5.9446,-2.8596,3.1689,-5.2554,4.4574
2.9446,-3.4596,0.7689,-7.3554,3.8574
-1.3554,-2.9596,2.0689,-6.3554,3.5574
-3.4554,-5.4596,2.0689,-6.3554,4.6574
-0.9554,-3.8596,4.5689,-5.9554,6.3574
0.9446,-4.8596,3.3689,-6.1554,6.1574
3.5446,-2.6596,4.6689,-2.8554,7.0574
2.5446,-3.2596,2.4689,-2.4554,4.2574
2.8446,-1.8596,1.4689,-2.8554,2.9574
2.0446,-2.5596,-3.8311,-3.9554,-1.0426
1.1446,-0.2596,-3.0311,0.3446,-0.9426
0.9446,-2.2596,-2.6311,0.8446,0.1574
-1.0554,-1.5596,-1.4311,1.4446,0.9574
-2.5554,-1.1596,-0.2311,0.3446,1.4574
-3.9554,-3.8596,0.4689,-1.0554,1.4574
-2.1554,-4.3596,1.9689,0.4446,4.7574
-2.1554,-7.5596,1.5689,0.9446,6.8574
-4.9554,-11.76,2.4689,3.9446,9.4574
-5.1554,-12.76,1.7689,4.9446,6.4574
-9.2554,-7.4596,-3.7311,5.9446,-2.9426
-14.855,4.6404,-12.231,9.9446,-15.643
-25.355,18.84,-27.231,12.745,-34.143
-32.955,42.94,-42.531,12.345,-54.543
-38.355,63.54,-54.331,10.045,-67.443
-44.755,78.94,-63.131,7.1446,-82.443
-46.755,90.84,-69.731,-1.2554,-90.843
-27.455,97.64,-59.031,-15.055,-78.643
4.4446,88.04,-35.431,-27.755,-52.443
24.245,63.44,-14.631,-35.455,-26.743
33.945,35.94,4.5689,-34.255,-3.6426
33.545,9.1404,13.169,-24.455,12.357
25.645,-11.16,18.569,-12.155,21.557
16.245,-23.96,19.269,-3.3554,25.457
10.745,-30.06,17.869,1.3446,25.657
7.1446,-31.66,18.569,4.9446,25.757
5.9446,-31.16,16.769,4.7446,23.957
3.4446,-31.56,13.169,3.5446,22.357
4.0446,-30.06,15.369,6.2446,22.757
2.3446,-29.76,13.969,9.2446,21.857
2.2446,-29.66,14.069,6.7446,20.457
3.5446,-27.56,14.369,5.5446,17.657
3.4446,-27.96,14.769,4.8446,16.057
3.6446,-23.16,13.769,5.6446,16.357
4.1446,-20.56,15.969,7.6446,17.057
4.3446,-20.36,14.769,5.7446,15.957
3.5446,-18.46,12.769,4.8446,14.357
2.0446,-14.46,7.1689,4.1446,11.157
2.0446,-11.36,5.4689,6.1446,9.2574
1.5446,-10.76,5.4689,7.2446,9.0574
0.5446,-13.06,3.6689,5.7446,9.1574
1.2446,-12.46,3.7689,4.9446,8.8574
1.7446,-12.66,5.0689,4.5446,7.4574
0.4446,-11.76,3.8689,-0.0554,5.3574
0.5446,-9.5596,3.1689,0.6446,4.3574
-0.0554,-10.46,1.5689,2.1446,4.0574
1.1446,-9.3596,1.2689,1.7446,4.5574
2.9446,-6.0596,2.9689,3.3446,6.1574
0.8446,-6.8596,3.0689,3.5446,6.4574
-2.3554,-7.2596,3.2689,5.0446,5.7574
-2.3554,-7.0596,3.0689,5.2446,4.5574
-1.4554,-7.4596,3.2689,5.8446,4.7574
-3.1554,-6.8596,1.5689,2.4446,3.0574
-1.3554,-2.9596,2.6689,4.2446,3.2574
-2.0554,-1.6596,1.1689,2.0446,1.7574
-1.8554,-0.5596,0.9689,2.5446,0.6574
-0.8554,-1.2596,1.5689,3.6446,0.1574
-2.0554,-1.4596,-0.3311,2.5446,-0.4426
-1.3554,-0.8596,0.6689,1.8446,0.2574
-1.3554,-0.3596,-0.1311,4.2446,-0.6426
-0.2554,1.1404,-3.0311,5.9446,-0.9426
0.4446,2.7404,-4.9311,4.5446,-2.0426
1.2446,4.7404,-4.7311,4.5446,-3.8426
1.2446,5.1404,-4.6311,5.4446,-3.9426
-0.1554,5.2404,-5.1311,3.1446,-4.0426
-0.1554,4.3404,-3.1311,2.9446,-3.8426
-1.8554,1.1404,-4.3311,5.4446,-1.3426
-0.9554,1.2404,-4.3311,8.7446,-0.5426
0.6446,5.0404,-7.7311,9.7446,-0.4426
7.1446,11.64,-9.4311,9.8446,2.2574
14.945,18.24,-12.631,7.5446,0.9574
12.845,18.44,-16.931,7.4446,-5.2426
3.3446,11.54,-17.031,6.1446,-13.243
-13.255,-3.2596,-8.4311,3.1446,-18.543
-20.055,-9.2596,-1.0311,0.3446,-14.543
-16.155,-5.7596,-2.1311,1.1446,-10.243
-8.0554,0.2404,-1.7311,3.8446,-6.2426
-8.0554,2.5404,-3.8311,3.4446,-5.2426
-8.7554,0.5404,-3.0311,4.9446,-4.3426
-8.6554,-0.2596,-3.6311,3.5446,-3.8426
-8.7554,1.6404,-2.6311,3.3446,-3.6426
-7.2554,2.8404,-1.2311,3.2446,-1.3426
-7.4554,-2.0596,-2.6311,-0.0554,-1.8426
-5.2554,-1.7596,-2.4311,-0.7554,-1.9426
-3.0554,-0.2596,-1.8311,-0.4554,-1.7426
-3.2554,0.9404,-2.4311,0.3446,-1.6426
-3.9554,-0.6596,-2.0311,1.9446,-1.3426
-5.8554,-3.7596,-0.9311,2.4446,0.6574
-3.3554,-3.9596,0.6689,2.0446,2.6574
-1.5554,-4.9596,2.7689,4.1446,6.7574
-0.0554,-7.7596,4.6689,1.3446,7.9574
3.2446,-5.0596,6.4689,1.0446,9.2574
2.8446,-6.8596,5.1689,1.1446,8.1574
7.9446,-4.8596,6.0689,0.2446,7.5574
7.2446,-6.8596,2.2689,-2.3554,4.4574
10.545,-3.1596,4.9689,-0.9554,6.0574
10.945,-1.9596,6.7689,0.9446,6.4574
10.045,-3.3596,6.1689,-0.8554,5.9574
9.4446,-3.5596,6.5689,-3.1554,4.9574
8.8446,-4.8596,5.7689,-5.5554,6.2574
11.045,-3.1596,4.6689,-4.2554,4.1574
9.6446,-3.4596,3.6689,-1.9554,5.1574
11.445,-1.8596,3.9689,-1.2554,6.3574
10.845,-2.1596,6.5689,-0.6554,8.1574
7.9446,-3.3596,6.4689,-3.5554,8.2574
7.4446,-3.7596,6.3689,-3.6554,8.2574
5.7446,-1.5596,5.7689,-4.0554,6.7574
8.4446,-0.4596,5.8689,-4.6554,5.6574
9.3446,-1.5596,5.9689,-3.8554,7.1574
9.2446,-3.5596,5.5689,-1.4554,5.2574
4.7446,-3.6596,4.1689,-1.0554,4.5574
1.9446,-2.3596,2.8689,-2.9554,4.7574
1.0446,-3.4596,3.3689,-2.7554,4.7574
1.0446,-4.5596,2.3689,-0.6554,2.4574
0.9446,-2.2596,0.0689,-2.5554,1.6574
1.9446,-0.5596,3.3689,-1.4554,3.6574
0.6446,-1.8596,4.8689,-0.9554,5.1574
0.6446,-3.5596,6.0689,-0.5554,5.4574
-0.4554,-4.4596,3.0689,1.0446,3.6574
-0.0554,-1.7596,0.2689,0.2446,3.1574
2.4446,2.3404,-0.1311,0.9446,0.3574
1.3446,2.3404,-0.9311,0.4446,-0.3426
1.3446,1.2404,-0.6311,1.9446,-1.4426
0.1446,-0.8596,-1.4311,3.2446,-0.9426
0.0446,-2.0596,0.2689,-0.3554,-0.0426
-1.9554,-0.5596,-0.0311,-2.5554,-0.9426
-1.9554,0.2404,1.5689,-1.4554,-0.4426
-1.7554,0.3404,2.6689,0.5446,0.8574
-0.3554,1.2404,4.6689,-1.9554,0.2574
0.0446,-0.4596,3.2689,-3.6554,-0.3426
1.8446,0.3404,0.5689,-2.5554,-0.2426
0.4446,-1.7596,0.7689,-0.8554,1.8574
0.1446,-0.0596,-0.3311,-0.8554,0.3574
-1.8554,-1.0596,-0.9311,-1.1554,-0.2426
-1.9554,-1.7596,-1.5311,-1.3554,-0.2426
0.3446,0.7404,-0.7311,-0.4554,-0.2426
-0.8554,1.8404,-0.8311,-1.3554,-1.3426
-2.4554,-0.2596,-1.2311,-0.8554,-1.4426
-0.4554,0.1404,2.0689,-1.6554,-0.9426
2.0446,-0.9596,1.5689,0.3446,0.4574
2.2446,-0.8596,1.4689,-0.9554,0.6574
0.5446,-1.0596,0.4689,-3.0554,0.9574
0.2446,-1.7596,1.2689,-2.0554,1.6574
-0.7554,-2.5596,-0.3311,-0.4554,0.2574
-1.7554,-1.9596,-0.7311,-0.2554,0.3574
1.2446,0.0404,-0.6311,-1.6554,-2.0426
0.7446,0.0404,-0.1311,-1.4554,-1.6426
0.2446,-1.4596,1.7689,0.2446,-2.2426
-0.7554,-0.7596,1.7689,0.6446,0.0574
-2.0554,-0.4596,1.2689,1.2446,0.0574
-1.0554,-0.1596,0.9689,3.0446,1.3574
-4.0554,1.4404,-0.0311,3.4446,2.3574
-4.4554,1.5404,-1.6311,3.7446,1.8574
-4.4554,0.7404,-3.2311,2.3446,0.9574
-2.4554,3.5404,-2.1311,1.1446,-1.1426
-2.8554,5.5404,-4.5311,1.7446,-3.2426
-1.5554,7.3404,-5.7311,0.8446,-5.5426
-3.4554,7.6404,-6.9311,1.6446,-6.3426
-5.2554,6.7404,-5.9311,-1.8554,-6.0426
-3.7554,6.6404,-4.4311,-1.1554,-2.8426
-2.5554,2.9404,-4.3311,0.2446,-2.7426
-2.2554,2.5404,-3.0311,-0.0554,-1.3426
-1.8554,0.9404,-2.4311,-0.1554,-0.8426
-1.3554,-0.7596,-0.9311,1.6446,-1.3426
-0.9554,-0.4596,-0.4311,0.5446,-3.4426
0.0446,1.6404,1.2689,0.3446,-3.2426
0.1446,0.5404,0.5689,0.1446,-2.0426
-5.0554,1.0404,1.3689,0.2446,-0.3426
-6.0554,-3.2596,1.1689,0.0446,-0.2426
-6.4554,-4.8596,1.3689,-1.5554,-0.0426
-5.7554,-3.5596,4.3689,-1.8554,0.4574
-5.6554,-3.4596,5.3689,-0.8554,2.2574
-6.5554,-5.7596,5.0689,0.2446,3.2574
-5.6554,-4.7596,3.6689,-2.3554,2.0574
-1.7554,-3.1596,3.0689,-1.4554,1.2574
-2.4554,-1.7596,2.4689,1.0446,2.0574
-1.3554,-1.1596,4.8689,4.2446,4.5574
-2.8554,-3.3596,4.0689,-0.1554,3.1574
-0.7554,0.0404,2.8689,-2.0554,1.7574
-2.3554,-2.4596,2.8689,-3.5554,3.2574
-2.2554,-6.0596,2.8689,-1.4554,3.6574
0.0446,-4.1596,3.6689,1.4446,5.8574
1.9446,-0.0596,1.5689,4.1446,6.8574
6.5446,2.5404,-0.3311,6.5446,7.2574
12.845,8.4404,-5.6311,6.3446,7.2574
15.445,13.24,-11.931,4.1446,1.8574
10.845,10.04,-14.331,0.6446,-5.4426
-6.1554,-5.4596,-5.1311,-2.2554,-8.7426
-19.755,-17.46,4.4689,-3.6554,-6.8426
-15.355,-15.56,9.5689,-0.6554,0.0574
-7.2554,-13.46,9.8689,1.4446,7.0574
-6.5554,-14.96,6.3689,3.0446,7.0574
-7.1554,-13.16,7.0689,7.1446,4.3574
-12.155,-6.4596,0.1689,8.9446,-3.9426
-17.655,8.6404,-9.3311,12.645,-17.443
-26.055,27.04,-25.431,12.445,-38.443
-36.455,50.14,-44.131,6.5446,-59.343
-42.755,68.74,-56.931,2.2446,-74.943
-46.455,85.34,-67.131,0.3446,-89.443
-43.955,100.64,-69.931,-8.4554,-92.743
-21.155,101.14,-54.431,-22.355,-75.943
9.9446,88.94,-32.331,-35.355,-49.543
29.445,60.54,-9.9311,-38.255,-21.943
37.745,29.54,7.4689,-32.755,0.7574
32.345,2.0404,14.969,-20.655,14.457
21.745,-16.56,18.269,-7.6554,23.057
13.445,-28.16,19.969,0.2446,26.157
9.1446,-33.06,21.369,4.5446,28.157
6.4446,-34.86,20.069,6.8446,27.157
6.3446,-33.06,17.569,4.8446,24.257
7.0446,-31.96,16.669,6.5446,22.557
6.2446,-29.16,15.869,8.6446,23.057
5.0446,-27.66,15.369,6.9446,23.057
5.2446,-26.66,14.469,6.2446,20.757
3.3446,-27.16,12.369,5.9446,19.457
4.4446,-22.86,11.169,4.4446,16.457
3.3446,-22.16,11.869,4.9446,16.257
3.9446,-21.86,9.5689,3.8446,15.457
3.8446,-17.86,7.2689,2.8446,12.757
3.1446,-17.56,9.2689,3.1446,14.457
2.0446,-18.26,7.4689,0.3446,11.157
1.0446,-15.16,6.4689,2.9446,11.457
0.8446,-13.46,5.0689,1.6446,9.9574
1.3446,-11.76,4.9689,-1.2554,9.2574
2.3446,-10.56,6.3689,-0.4554,10.057
4.3446,-10.06,4.4689,-0.3554,8.6574
4.2446,-6.6596,3.7689,0.9446,6.9574
3.5446,-4.1596,3.3689,-0.5554,6.4574
3.3446,-6.1596,2.3689,0.2446,6.8574
2.9446,-6.4596,2.5689,2.8446,6.3574
0.4446,-7.3596,1.6689,1.5446,4.1574
-0.0554,-5.9596,1.2689,0.4446,2.0574
-0.4554,-5.7596,2.1689,0.9446,2.9574
-0.7554,-5.5596,3.5689,1.4446,3.0574
-0.3554,-6.4596,2.8689,1.5446,3.6574
1.5446,-5.0596,2.3689,1.0446,3.1574
2.3446,-4.5596,1.4689,1.9446,2.0574
3.2446,-2.8596,2.0689,2.9446,2.7574
1.8446,-1.8596,1.1689,3.4446,3.6574
5.2446,-1.0596,1.7689,3.6446,2.5574
4.3446,-1.3596,0.2689,1.2446,2.1574
4.7446,-0.3596,-0.2311,-1.0554,-0.6426
4.6446,3.0404,-0.4311,0.0446,-0.8426
3.8446,1.7404,-0.4311,0.1446,-0.2426
2.9446,-0.1596,-0.6311,-0.8554,-1.1426
3.4446,0.7404,-1.5311,1.1446,-2.6426
0.9446,-1.0596,-2.9311,1.1446,-2.8426
0.4446,1.6404,-2.9311,1.3446,-3.1426
-0.0554,2.9404,-3.7311,2.9446,-2.9426
-0.7554,3.2404,-3.7311,3.7446,-3.5426
-1.2554,1.8404,-3.8311,5.3446,-3.3426
-1.1554,1.9404,-3.7311,3.9446,-4.3426
-1.4554,2.5404,-2.3311,3.9446,-4.4426
-2.3554,5.2404,-2.0311,5.2446,-4.2426
-3.1554,5.7404,-1.0311,3.6446,-4.7426
-6.2554,3.5404,-3.2311,1.2446,-4.6426
-1.7554,7.7404,-2.7311,1.7446,-1.9426
-0.6554,9.6404,-3.5311,1.7446,-3.2426
0.6446,9.9404,-3.5311,1.9446,-3.6426
0.9446,8.9404,-5.1311,0.9446,-6.2426
0.2446,5.3404,-4.8311,3.5446,-4.7426
-0.3554,8.1404,-4.1311,2.4446,-5.2426
0.6446,8.7404,-5.6311,2.8446,-5.3426
0.0446,8.7404,-5.4311,2.3446,-5.0426
0.3446,7.2404,-4.0311,1.1446,-3.8426
-0.9554,6.1404,-2.7311,2.0446,-2.9426
0.0446,3.6404,-3.9311,0.3446,-2.2426
0.3446,3.1404,-4.3311,1.8446,0.6574
0.6446,1.9404,-4.7311,2.2446,2.0574
-0.0554,-0.3596,-2.5311,0.4446,3.8574
-1.9554,-2.9596,-0.2311,0.4446,3.7574
-4.2554,-3.6596,0.2689,-1.2554,3.8574
-2.4554,-3.0596,0.8689,-4.8554,1.3574
0.6446,-4.7596,2.4689,-6.0554,2.7574
3.5446,-2.7596,4.5689,-5.3554,3.8574
5.5446,-1.3596,5.3689,-4.2554,3.9574
7.2446,-1.0596,6.5689,-4.2554,5.5574
6.8446,-3.0596,5.0689,-4.1554,6.8574
7.6446,-5.1596,6.0689,-3.2554,8.8574
7.7446,-5.0596,6.7689,-4.3554,8.0574
5.9446,-4.7596,6.9689,-4.7554,7.6574
5.1446,-6.3596,7.9689,-3.5554,7.3574
5.1446,-7.4596,7.8689,-1.9554,5.6574
5.6446,-6.4596,9.0689,-0.2554,6.4574
6.2446,-3.0596,8.2689,-1.9554,5.4574
6.7446,-2.8596,7.5689,-1.6554,7.0574
7.1446,-3.4596,7.8689,-1.1554,7.7574
6.3446,-3.0596,4.6689,-3.1554,4.8574
5.7446,-0.3596,6.0689,-1.7554,6.1574
4.6446,-2.3596,4.3689,-1.4554,4.1574
4.7446,-3.0596,4.8689,1.4446,5.7574
5.0446,-3.5596,3.6689,-0.4554,3.8574
2.8446,-5.2596,3.9689,-0.9554,4.8574
4.1446,-4.7596,4.8689,-2.4554,4.3574
2.9446,-3.4596,4.5689,-1.5554,4.3574
3.8446,-3.0596,4.0689,1.8446,5.7574
4.2446,-3.0596,4.7689,5.3446,5.9574
4.2446,-0.5596,3.2689,7.5446,7.3574
6.6446,1.4404,-1.0311,6.5446,10.057
14.845,10.64,-5.1311,6.6446,7.9574
14.845,12.04,-8.8311,6.6446,1.6574
7.3446,6.8404,-9.4311,5.4446,-3.8426
-9.9554,-8.9596,-0.0311,2.5446,-7.9426
-16.655,-15.76,8.7689,-0.6554,-4.1426
-11.855,-10.76,9.6689,0.1446,1.5574
-3.0554,-6.6596,6.5689,0.2446,2.9574
-1.3554,-7.1596,5.6689,1.1446,2.8574
-1.0554,-5.4596,5.1689,2.8446,1.8574
-2.8554,-4.3596,5.9689,3.6446,1.9574
-2.5554,-5.0596,6.0689,3.6446,3.4574
-3.0554,-5.5596,5.4689,3.0446,4.5574
-2.3554,-4.9596,5.0689,3.1446,4.5574
-2.4554,-4.1596,4.6689,3.1446,3.2574
-0.8554,-3.8596,5.6689,4.3446,4.1574
-0.2554,-3.6596,3.6689,1.8446,1.1574
-1.8554,-5.2596,3.3689,2.0446,0.8574
-2.3554,-4.6596,4.8689,2.3446,1.8574
-0.4554,-3.9596,4.4689,1.9446,2.1574
-1.1554,-1.8596,3.6689,0.3446,1.2574
-0.2554,-0.6596,2.5689,3.4446,1.8574
-0.6554,-2.1596,2.3689,4.5446,2.8574
-2.2554,-2.4596,2.1689,2.5446,0.2574
-3.1554,-2.5596,3.1689,5.0446,1.1574
-1.2554,-1.0596,3.4689,3.5446,1.6574
-2.4554,-3.0596,4.0689,4.7446,4.2574
-3.1554,-2.8596,5.0689,4.2446,3.9574
-4.4554,-3.9596,1.6689,3.6446,1.1574
-6.0554,-4.1596,-0.6311,4.3446,-1.9426
-4.9554,-1.7596,-2.4311,9.1446,-0.3426
-4.7554,1.9404,-3.4311,7.1446,-0.7426
-4.7554,0.9404,-3.3311,6.7446,-2.5426
-6.0554,0.2404,-3.2311,6.2446,-4.2426
-6.6554,1.5404,-1.9311,5.7446,-3.4426
-6.5554,1.2404,-1.3311,7.2446,-3.5426
-4.3554,2.6404,-0.6311,6.5446,-2.2426
-0.8554,1.8404,0.5689,6.2446,-1.7426
1.2446,2.1404,1.0689,3.8446,-0.4426
1.4446,1.2404,1.9689,3.2446,0.8574
1.0446,0.7404,0.4689,2.8446,-0.9426
0.9446,2.0404,-0.2311,3.4446,-1.1426
1.7446,-0.4596,1.6689,2.8446,-1.0426
2.3446,-1.9596,2.6689,1.7446,0.2574
3.4446,-3.2596,3.1689,1.8446,0.5574
3.5446,-3.2596,2.7689,2.6446,0.5574
4.1446,-3.5596,2.7689,3.3446,2.4574
3.9446,-6.0596,1.5689,3.9446,3.7574
4.4446,-5.4596,2.6689,6.6446,4.9574
4.0446,-6.3596,2.7689,2.6446,2.9574
3.6446,-4.8596,4.9689,3.4446,1.9574
3.7446,-4.0596,5.7689,4.5446,1.7574
5.3446,-4.3596,5.9689,5.2446,1.5574
3.4446,-5.0596,5.2689,5.5446,4.0574
3.9446,-2.6596,6.2689,5.3446,5.1574
2.7446,-3.9596,5.0689,5.4446,5.1574
2.2446,-6.7596,4.5689,3.6446,5.7574
3.6446,-6.5596,2.4689,2.8446,5.1574
2.8446,-6.4596,1.5689,5.2446,5.5574
1.5446,-6.2596,1.8689,6.6446,4.8574
0.9446,-6.0596,1.9689,5.1446,3.4574
1.6446,-2.5596,2.9689,5.1446,3.6574
0.9446,-2.3596,1.5689,4.9446,2.6574
-1.0554,-2.8596,2.1689,5.6446,1.8574
0.1446,-2.2596,3.5689,6.9446,3.6574
0.0446,-6.1596,5.5689,7.0446,5.6574
-2.6554,-9.5596,7.1689,7.4446,9.0574
-5.3554,-12.16,6.1689,10.745,9.7574
-6.3554,-10.86,4.0689,15.645,6.9574
-11.955,-4.9596,-1.6311,16.945,-2.0426
-18.755,6.5404,-12.131,20.145,-16.143
-27.655,28.34,-28.631,21.845,-35.143
-35.855,52.04,-45.631,20.745,-56.043
-40.955,69.84,-55.131,18.145,-71.443
-46.455,85.24,-65.531,13.645,-87.343
-40.255,100.04,-65.431,3.0446,-89.043
-16.455,95.94,-48.831,-11.755,-67.743
13.545,79.44,-25.731,-24.955,-40.043
29.645,53.34,-3.7311,-28.455,-14.543
36.245,23.54,10.369,-24.655,4.6574
33.945,0.3404,17.269,-11.855,17.857
22.845,-18.36,18.769,0.0446,25.657
15.645,-26.66,18.969,7.6446,27.857
11.545,-30.06,19.169,9.8446,28.857
7.5446,-31.56,16.869,8.5446,26.557
8.5446,-31.06,17.569,9.3446,25.857
7.1446,-30.36,16.769,8.9446,25.557
6.6446,-28.86,16.569,6.9446,23.857
6.8446,-27.06,16.369,7.0446,23.357
6.8446,-26.96,15.569,7.4446,22.257
5.7446,-26.36,15.269,9.2446,20.957
5.8446,-25.56,14.369,12.545,19.557
5.8446,-23.26,13.969,12.745,16.957
4.9446,-20.96,15.269,12.545,15.857
2.0446,-22.46,15.169,14.145,16.057
1.5446,-19.66,14.169,12.845,15.557
1.8446,-17.86,12.569,10.445,11.857
2.7446,-15.96,11.869,10.345,10.157
3.1446,-15.36,10.469,8.4446,9.7574
3.1446,-13.86,9.7689,7.8446,8.2574
1.6446,-12.66,11.269,8.8446,9.7574
0.5446,-13.16,9.8689,7.6446,7.6574
3.1446,-12.26,9.3689,7.9446,6.5574
1.4446,-10.66,9.4689,8.1446,8.0574
0.4446,-10.76,7.8689,7.8446,7.0574
0.9446,-7.7596,8.8689,10.345,6.3574
0.5446,-7.3596,9.9689,7.2446,6.6574
0.1446,-4.8596,6.5689,7.0446,5.4574
0.8446,-3.9596,5.1689,8.0446,4.8574
3.4446,-5.1596,6.3689,8.7446,6.0574
1.0446,-5.1596,6.0689,7.4446,5.0574
-0.5554,-3.6596,7.3689,12.145,7.0574
2.4446,-2.0596,4.1689,12.645,7.3574
7.6446,2.0404,0.6689,10.845,8.3574
17.345,9.3404,-3.2311,11.145,8.4574
17.845,12.14,-9.6311,9.8446,3.7574
12.745,9.3404,-13.131,7.3446,-4.3426
-2.4554,-2.3596,-5.0311,5.9446,-10.143
-13.855,-11.56,6.2689,4.1446,-8.5426
-10.955,-10.86,6.9689,1.1446,-5.3426
-1.7554,-3.4596,5.3689,2.4446,-1.2426
-0.2554,0.3404,4.8689,3.7446,-1.0426
-0.0554,1.8404,5.1689,3.0446,-1.3426
-0.7554,1.0404,5.6689,2.7446,-1.8426
-1.9554,0.6404,3.6689,2.3446,-3.2426
-3.1554,-1.0596,1.4689,2.2446,-4.9426
-3.0554,-0.2596,1.5689,3.6446,-3.8426
-1.3554,1.7404,2.1689,5.9446,-2.8426
-0.5554,3.6404,1.7689,6.1446,-3.5426
-1.5554,4.1404,0.9689,8.5446,-1.1426
-1.9554,2.6404,-2.1311,6.3446,-1.9426
-0.5554,2.5404,-0.3311,6.8446,-2.1426
-0.9554,0.9404,1.7689,10.245,-1.0426
-0.0554,3.4404,1.0689,9.0446,-2.1426
-0.6554,4.5404,-0.8311,7.3446,-2.5426
-1.9554,2.2404,-1.2311,7.1446,-2.0426
-2.6554,1.0404,-1.9311,6.2446,-2.6426
-2.4554,2.6404,-3.1311,6.3446,-3.8426
-2.1554,3.7404,-0.4311,7.5446,-1.4426
-2.3554,0.9404,0.8689,5.8446,-2.1426
-0.9554,2.3404,0.6689,7.4446,-2.5426
-2.1554,2.1404,1.9689,9.1446,-0.4426
-3.1554,-0.2596,1.9689,7.1446,2.2574
-3.1554,-1.3596,1.5689,7.5446,3.7574
-2.4554,-2.3596,3.2689,8.5446,6.3574
-2.7554,-2.8596,3.2689,9.0446,6.2574
-0.2554,-4.8596,4.3689,8.4446,5.1574
-0.4554,-8.3596,5.3689,8.6446,5.9574
1.7446,-7.3596,6.9689,6.3446,5.6574
0.6446,-6.7596,7.6689,3.9446,7.1574
1.8446,-5.7596,10.969,4.7446,8.1574
0.4446,-9.1596,9.7689,5.0446,10.857
3.6446,-9.4596,7.9689,4.2446,9.2574
3.5446,-10.36,9.1689,3.4446,9.0574
3.5446,-8.2596,10.869,3.0446,10.557
4.5446,-7.7596,11.969,4.0446,11.457
4.0446,-7.6596,13.469,4.3446,12.257
5.9446,-8.5596,10.669,4.0446,11.857
5.7446,-9.1596,8.2689,3.2446,9.2574
3.8446,-8.1596,9.0689,4.9446,9.1574
3.3446,-6.7596,8.6689,4.1446,10.057
5.7446,-5.3596,8.8689,4.0446,8.7574
4.8446,-6.0596,7.9689,3.6446,8.5574
3.6446,-4.7596,7.9689,3.5446,7.3574
1.3446,-5.1596,5.9689,4.8446,7.6574
1.3446,-5.3596,5.2689,5.9446,7.4574
-0.4554,-5.4596,5.2689,7.2446,8.8574
-0.8554,-6.3596,4.1689,4.5446,7.8574
-0.0554,-6.1596,6.9689,5.7446,7.0574
-0.4554,-5.0596,7.9689,7.1446,6.7574
-0.6554,-5.5596,8.0689,7.6446,8.1574
-1.4554,-7.0596,6.1689,6.2446,7.5574
-1.9554,-6.3596,6.2689,6.7446,7.3574
-1.0554,-3.6596,7.3689,8.9446,7.6574
-1.9554,-4.9596,4.4689,9.9446,6.3574
-5.7554,-7.3596,5.2689,10.045,5.3574
-7.2554,-5.3596,4.2689,9.7446,3.6574
-7.7554,-3.9596,4.8689,9.3446,3.6574
-8.7554,-3.5596,5.7689,9.7446,3.7574
-12.655,-7.4596,4.1689,6.7446,3.1574
-10.855,-5.7596,2.2689,5.7446,1.7574
-10.355,-5.4596,3.8689,7.4446,1.9574
-7.2554,-1.8596,3.4689,8.6446,4.0574
-6.8554,-1.1596,2.8689,6.2446,3.0574
-6.7554,-3.0596,3.5689,5.8446,2.9574
-6.6554,-2.8596,3.5689,4.8446,3.3574
-5.0554,-2.5596,4.7689,4.6446,2.3574
-4.6554,-3.1596,4.7689,6.8446,4.8574
-4.8554,-3.7596,3.5689,3.4446,3.1574
-6.0554,-4.6596,6.6689,3.4446,4.5574
-7.3554,-4.9596,4.7689,4.1446,3.8574
-3.6554,-1.4596,4.5689,7.1446,4.7574
-5.3554,-4.8596,2.6689,5.8446,4.5574
-5.5554,-3.6596,4.0689,6.0446,4.3574
-3.6554,-2.6596,4.1689,8.0446,5.3574
-5.9554,-3.1596,4.3689,6.6446,5.0574
-5.0554,-1.6596,2.8689,8.0446,4.6574
-6.4554,-1.5596,0.8689,9.2446,4.4574
-7.1554,-0.5596,0.8689,10.945,3.3574
-8.4554,0.1404,0.1689,10.045,2.9574
-8.4554,0.8404,-0.1311,8.1446,2.3574
-6.7554,1.4404,-0.6311,7.1446,0.1574
-5.4554,2.6404,-0.9311,9.4446,0.8574
-5.2554,2.0404,-0.9311,10.045,-1.0426
-5.6554,0.9404,-0.4311,10.245,-1.8426
-3.8554,1.2404,1.2689,10.245,-3.2426
-7.0554,-2.9596,3.3689,9.2446,1.0574
-5.1554,-1.4596,4.0689,7.3446,2.6574
-4.0554,-2.0596,4.1689,4.9446,3.8574
-1.0554,-1.3596,4.6689,5.2446,3.1574
-0.1554,-0.2596,4.4689,3.3446,1.4574
2.0446,0.3404,5.2689,-0.3554,2.4574
2.5446,-0.0596,5.7689,0.6446,4.4574
1.7446,-3.3596,4.6689,3.0446,5.6574
2.3446,-2.5596,5.0689,3.1446,5.8574
2.3446,-3.4596,5.8689,3.4446,5.6574
3.2446,-3.6596,7.3689,2.5446,5.6574
3.7446,-5.1596,7.7689,1.2446,4.4574
3.8446,-6.1596,7.2689,1.6446,5.6574
6.4446,-4.4596,5.9689,-1.3554,3.5574
5.6446,-3.0596,6.7689,0.3446,5.2574
3.5446,-6.5596,4.1689,-1.3554,3.8574
4.0446,-2.8596,6.5689,0.2446,2.9574
3.7446,-0.4596,6.3689,3.8446,4.5574
3.8446,-2.9596,4.3689,6.5446,6.8574
5.4446,-3.5596,2.2689,6.4446,6.3574
10.445,1.0404,-0.7311,6.1446,8.8574
18.045,8.8404,-5.1311,6.8446,7.9574
17.445,11.14,-10.831,7.3446,3.1574
8.9446,5.1404,-10.131,6.5446,-3.0426
-5.4554,-7.9596,1.2689,3.6446,-6.3426
-12.655,-15.26,8.7689,1.9446,-4.0426
-7.3554,-9.4596,9.9689,2.9446,1.1574
-0.8554,-4.2596,7.4689,1.8446,4.4574
0.6446,-7.5596,6.8689,3.5446,7.7574
-1.8554,-12.96,3.7689,3.0446,9.5574
-1.5554,-13.06,6.7689,7.8446,12.157
-2.7554,-13.26,5.3689,9.8446,12.157
-6.2554,-9.1596,0.9689,12.845,5.1574
-12.155,-0.6596,-7.9311,14.845,-6.1426
-23.155,14.14,-20.831,17.445,-24.243
-31.055,38.24,-32.631,20.945,-45.143
-37.955,58.44,-47.331,15.445,-64.743
-42.655,79.14,-59.131,12.845,-81.843
-43.455,95.94,-68.831,4.6446,-92.443
-26.655,100.14,-60.631,-8.3554,-80.943
2.2446,89.44,-37.331,-19.655,-56.043
20.645,61.64,-15.231,-24.155,-27.543
34.445,34.14,3.0689,-24.655,-4.2426
36.845,9.2404,13.969,-17.255,12.957
28.745,-13.36,19.469,-5.9554,22.957
16.945,-25.16,19.169,0.1446,25.457
11.045,-29.46,18.369,6.1446,26.257
7.9446,-32.86,17.969,5.1446,26.657
4.6446,-35.96,15.869,4.1446,24.557
6.0446,-31.36,16.469,4.2446,23.757
5.1446,-30.66,16.769,4.3446,24.557
6.4446,-30.66,14.969,4.7446,21.057
5.0446,-30.36,12.969,6.1446,20.257
6.2446,-27.26,13.669,7.4446,18.057
4.8446,-25.36,14.169,5.2446,18.857
4.3446,-26.86,14.969,3.9446,16.857
4.6446,-25.96,12.069,4.1446,15.157
2.7446,-23.06,9.3689,4.8446,12.157
3.9446,-20.16,9.4689,5.4446,11.857
2.0446,-19.66,8.5689,5.6446,12.057
2.0446,-17.76,8.6689,7.1446,12.057
0.7446,-17.76,7.9689,5.9446,11.557
0.5446,-15.56,7.6689,5.3446,10.257
3.2446,-12.86,7.2689,6.4446,9.8574
4.0446,-12.76,5.0689,5.6446,7.9574
2.2446,-13.26,3.9689,5.5446,6.6574
2.7446,-11.26,1.0689,3.2446,4.7574
4.2446,-8.2596,1.9689,4.2446,4.1574
2.5446,-8.1596,2.5689,1.5446,2.0574
2.7446,-7.8596,1.3689,2.8446,1.6574
3.7446,-6.0596,1.8689,3.7446,1.2574
3.3446,-4.4596,0.5689,1.5446,2.2574
3.4446,-1.3596,1.7689,3.4446,2.3574
1.1446,-1.8596,2.4689,1.3446,2.2574
0.6446,-3.4596,1.7689,1.4446,1.6574
2.1446,-2.4596,0.4689,1.0446,-0.4426
3.7446,-0.3596,-1.1311,2.1446,-2.3426
0.2446,0.2404,-1.9311,2.9446,-2.5426
-0.9554,0.4404,-2.4311,3.9446,-1.8426
1.8446,-1.0596,-1.9311,1.8446,-3.0426
0.8446,0.0404,-0.9311,0.8446,-2.7426
-0.9554,-2.4596,-2.0311,-0.9554,-4.6426
-0.3554,-0.0596,-0.2311,1.6446,-2.7426
-3.5554,-2.3596,-1.6311,0.8446,-3.2426
-1.6554,-2.4596,-1.8311,-0.6554,-3.9426
-2.0554,-3.1596,-1.3311,3.5446,-2.4426
-2.8554,-2.0596,-4.5311,5.1446,-3.6426
-0.8554,1.5404,-2.0311,5.9446,-3.3426
-1.8554,1.7404,-1.4311,6.1446,-3.9426
-2.4554,1.9404,-0.5311,6.8446,-4.3426
-2.7554,0.3404,1.2689,7.0446,-4.8426
-2.8554,2.8404,0.4689,4.4446,-5.2426
-4.0554,2.7404,0.3689,4.4446,-4.6426
-4.0554,1.3404,-2.2311,1.9446,-5.8426
-3.9554,1.0404,-2.4311,1.4446,-5.7426
-3.2554,1.8404,-3.2311,2.9446,-5.4426
-1.0554,3.0404,-5.4311,4.5446,-4.3426
-3.0554,3.9404,-4.8311,4.8446,-2.2426
-3.5554,4.9404,-3.1311,4.9446,-2.0426
-5.8554,3.5404,-2.8311,3.1446,-2.1426
-5.0554,3.6404,-3.7311,4.1446,-1.4426
-5.5554,2.6404,-2.9311,3.1446,-0.8426
-4.6554,2.4404,-3.1311,3.8446,-3.1426
-2.6554,2.6404,-4.1311,6.2446,-2.6426
-2.5554,1.4404,-2.3311,5.0446,-2.2426
-2.8554,1.7404,-2.4311,4.8446,-0.8426
-4.3554,0.6404,-3.5311,3.7446,0.4574
-2.6554,0.0404,-4.0311,2.2446,0.1574
-3.2554,0.0404,-1.2311,1.7446,1.6574
-0.7554,-1.6596,1.0689,1.4446,4.0574
-0.8554,-3.6596,2.5689,4.0446,7.1574
-2.0554,-3.9596,3.3689,4.0446,8.7574
-2.1554,-5.8596,2.2689,5.4446,8.1574
-0.0554,-6.1596,4.4689,6.0446,9.0574
2.2446,-7.6596,6.4689,5.6446,10.557
2.7446,-7.2596,5.3689,4.2446,11.457
3.7446,-6.6596,4.6689,4.2446,10.157
2.1446,-8.0596,3.9689,0.9446,9.2574
4.4446,-8.9596,4.9689,0.4446,8.8574
3.7446,-8.7596,4.7689,-0.8554,7.3574
6.4446,-7.2596,6.5689,-0.6554,8.5574
3.6446,-9.1596,5.4689,-0.7554,7.5574
4.4446,-6.4596,6.1689,-0.8554,7.1574
3.8446,-5.9596,6.3689,-0.4554,5.6574
2.9446,-7.5596,6.5689,0.6446,5.1574
4.0446,-5.5596,5.0689,1.6446,4.9574
4.0446,-4.0596,3.6689,2.5446,4.5574
5.7446,-3.6596,6.0689,3.7446,3.7574
1.7446,-4.9596,6.4689,4.0446,4.4574
0.9446,-5.1596,4.7689,3.3446,1.8574
0.5446,-5.6596,5.5689,5.4446,2.9574
0.3446,-5.7596,3.8689,6.2446,3.4574
3.0446,-4.8596,3.8689,7.9446,6.4574
4.6446,-2.4596,-0.0311,7.8446,8.6574
13.445,6.4404,-4.6311,9.2446,11.457
15.245,9.9404,-10.731,7.3446,6.9574
9.4446,6.5404,-12.831,6.1446,0.6574
-4.7554,-4.4596,-4.8311,4.9446,-4.3426
-17.655,-14.56,6.6689,1.9446,-4.1426
-16.655,-15.36,10.469,-0.1554,0.7574
-11.355,-11.16,8.3689,1.5446,4.2574
-5.7554,-7.8596,6.1689,1.2446,5.5574
-4.8554,-6.6596,6.0689,2.8446,4.8574
-5.3554,-7.2596,4.1689,0.9446,3.5574
-6.1554,-4.6596,3.7689,0.9446,3.8574
-6.2554,-4.7596,3.7689,1.2446,4.7574
-4.4554,-5.2596,4.5689,2.4446,5.1574
-6.5554,-7.5596,4.9689,2.2446,4.6574
-7.9554,-6.7596,4.4689,1.2446,4.5574
-5.2554,-5.5596,4.4689,1.2446,3.8574
-4.7554,-6.5596,4.9689,1.9446,4.5574
-3.3554,-7.5596,3.4689,3.7446,4.5574
-2.4554,-4.9596,2.3689,2.0446,3.6574
-3.7554,-2.3596,3.1689,2.1446,3.2574
-4.2554,-4.3596,2.9689,1.2446,3.5574
-4.2554,-3.3596,3.8689,3.8446,4.6574
-3.7554,-3.1596,2.8689,6.5446,7.9574
-3.5554,-4.5596,2.8689,6.2446,6.9574
-3.2554,-5.8596,4.0689,6.0446,7.5574
-4.2554,-4.3596,4.9689,4.3446,6.3574
-4.2554,-1.6596,5.7689,4.3446,6.6574
-5.2554,-3.0596,2.9689,4.1446,4.3574
-5.9554,-4.3596,0.2689,7.0446,1.9574
-7.5554,-3.7596,-0.3311,6.7446,2.1574
-8.7554,-3.8596,-0.9311,4.1446,0.2574
-9.9554,-2.5596,-1.1311,4.5446,-1.7426
-8.4554,0.4404,-2.6311,2.6446,-2.2426
-7.1554,0.3404,-1.6311,3.5446,-2.7426
-6.7554,0.7404,-1.4311,1.4446,-3.9426
-3.3554,2.8404,-0.8311,0.8446,-3.7426
-4.4554,2.3404,-2.7311,0.1446,-5.3426
-2.9554,2.7404,-1.8311,1.4446,-3.3426
-0.9554,0.6404,0.1689,1.0446,-0.9426
0.6446,1.0404,0.8689,0.1446,-1.2426
1.7446,2.4404,0.4689,-3.4554,-2.0426
1.4446,1.7404,0.5689,-1.5554,-1.5426
0.0446,1.0404,0.6689,-4.0554,-1.6426
1.2446,1.4404,2.2689,-5.6554,-0.5426
1.2446,2.0404,1.2689,-6.5554,-0.7426
2.7446,2.6404,0.9689,-4.7554,-0.1426
5.7446,2.8404,1.9689,-3.8554,0.2574
5.7446,-0.5596,1.9689,-3.9554,1.4574
4.1446,-3.1596,2.9689,-2.4554,2.1574
7.0446,-1.1596,3.6689,-4.0554,1.9574
5.4446,-1.0596,3.4689,-6.2554,1.8574
4.3446,-3.1596,1.6689,-7.7554,-0.2426
4.3446,-0.8596,2.7689,-7.9554,0.0574
4.1446,-0.5596,2.5689,-8.8554,-0.7426
6.3446,-0.6596,3.4689,-7.2554,-0.2426
4.1446,-0.3596,3.0689,-6.9554,-1.2426
6.7446,2.2404,2.6689,-5.6554,-2.1426
4.7446,0.4404,0.6689,-5.7554,-1.0426
3.3446,0.1404,0.9689,-5.9554,-0.3426
3.7446,-1.6596,1.3689,-6.8554,-0.7426
1.9446,-1.9596,1.8689,-5.8554,-1.6426
3.5446,-0.6596,2.2689,-3.3554,-1.7426
4.9446,1.8404,2.3689,-2.1554,0.2574
4.8446,1.0404,0.5689,-2.2554,-0.9426
2.7446,0.5404,1.9689,-3.5554,-2.1426
0.8446,-1.4596,2.6689,-4.6554,-0.3426
-0.6554,-5.3596,4.1689,-3.2554,3.9574
-1.8554,-9.0596,7.2689,-0.1554,8.4574
-2.9554,-10.66,6.4689,2.3446,9.5574
-4.0554,-10.86,4.7689,2.9446,6.1574
-7.6554,-4.5596,-3.0311,2.4446,-4.2426
-14.255,9.0404,-11.531,5.9446,-16.643
-25.155,25.24,-26.431,5.0446,-36.043
-30.255,53.04,-40.331,4.0446,-56.243
-36.155,74.14,-54.631,2.6446,-73.043
-39.555,93.24,-64.531,1.3446,-87.343
-31.955,106.34,-63.531,-10.355,-86.643
-6.8554,101.04,-47.131,-24.655,-68.243
17.245,79.94,-26.231,-33.255,-41.643
32.745,51.64,-3.5311,-36.755,-14.543
39.145,23.34,8.2689,-33.055,5.8574
36.045,1.5404,14.169,-21.855,16.857
23.645,-15.56,18.069,-10.755,24.757
12.845,-25.96,16.869,-6.6554,26.157
8.6446,-30.66,18.369,-3.6554,27.157
5.8446,-32.56,17.569,-0.5554,27.557
4.3446,-31.56,16.169,-3.1554,24.157
4.6446,-28.06,17.369,-3.4554,24.157
4.7446,-27.46,14.869,-3.0554,22.157
4.1446,-26.36,15.269,-1.8554,21.057
5.8446,-26.16,15.369,0.2446,20.057
2.9446,-25.86,14.869,1.4446,19.157
0.2446,-26.06,13.769,-0.6554,16.357
0.4446,-23.66,13.469,-1.7554,13.957
0.1446,-22.66,12.369,-1.9554,12.357
-0.1554,-19.96,11.769,-1.8554,10.857
2.6446,-15.96,10.269,-2.0554,10.357
1.5446,-16.16,8.2689,-1.8554,11.357
1.8446,-13.46,6.7689,-2.3554,8.6574
0.1446,-11.96,4.7689,-3.3554,6.9574
-1.2554,-12.36,4.7689,-3.5554,4.8574
-0.4554,-9.9596,4.7689,-3.7554,3.6574
-1.4554,-9.6596,4.8689,-4.0554,4.7574
0.2446,-8.7596,4.3689,-4.3554,4.4574
-2.6554,-9.4596,1.8689,-4.5554,3.3574
-2.2554,-8.2596,2.2689,-5.3554,2.5574
-2.2554,-6.5596,4.5689,-4.4554,4.7574
-0.4554,-4.6596,6.1689,-6.3554,4.0574
1.6446,-1.5596,5.7689,-4.9554,3.5574
-0.7554,-3.9596,3.0689,-5.5554,0.9574
-0.1554,-2.8596,1.1689,-3.7554,-0.8426
1.5446,-0.9596,-1.2311,-2.7554,1.2574
8.8446,6.7404,-4.0311,-2.0554,4.2574
17.745,15.44,-11.331,-4.0554,-1.9426
14.045,15.54,-15.331,-4.5554,-8.0426
4.3446,7.3404,-15.231,-8.6554,-14.743
-12.755,-5.2596,-3.3311,-9.7554,-15.143
-16.655,-10.56,4.7689,-14.555,-12.343
-8.2554,-4.2596,4.2689,-11.755,-9.0426
-4.6554,0.5404,1.0689,-9.4554,-7.5426
-6.0554,1.2404,0.2689,-8.3554,-7.4426
-5.9554,0.9404,0.6689,-9.0554,-7.1426
-3.8554,3.3404,1.7689,-9.0554,-7.0426
-4.4554,5.5404,0.0689,-6.9554,-8.9426
-2.1554,5.8404,0.0689,-6.3554,-7.9426
-3.5554,3.6404,0.4689,-6.1554,-5.7426
-4.0554,2.6404,0.4689,-8.7554,-4.7426
-6.5554,2.8404,-1.4311,-7.9554,-3.5426
-5.6554,4.2404,-2.3311,-7.9554,-4.5426
-3.6554,4.4404,-0.5311,-6.3554,-6.8426
-4.3554,3.2404,-2.1311,-7.2554,-7.6426
-5.7554,1.9404,-1.2311,-6.3554,-8.0426
-4.6554,5.0404,-1.3311,-5.7554,-7.5426
-5.9554,5.5404,-2.9311,-5.4554,-5.7426
-4.1554,6.8404,-1.5311,-4.2554,-3.1426
-6.2554,5.6404,-1.7311,-6.5554,-3.3426
-5.1554,5.0404,-0.4311,-6.4554,-2.8426
-6.7554,6.4404,-2.2311,-5.3554,-2.7426
-6.0554,8.8404,-0.6311,-5.3554,-3.9426
-5.6554,6.9404,0.7689,-3.8554,-3.1426
-3.4554,4.2404,2.1689,-4.4554,-3.5426
-4.6554,3.4404,-0.3311,-5.2554,-3.6426
-5.5554,2.1404,0.4689,-5.0554,-3.2426
-4.4554,2.6404,3.4689,-4.4554,-3.8426
-3.7554,3.0404,2.2689,-7.5554,-3.8426
-2.5554,0.4404,2.1689,-7.2554,-3.0426
-1.0554,-0.8596,2.0689,-5.3554,-1.1426
-2.3554,-2.0596,3.7689,-3.1554,1.6574
-1.1554,-1.9596,4.5689,-3.6554,1.9574
-1.3554,-4.4596,7.1689,-6.0554,5.7574
-0.5554,-6.6596,5.0689,-7.7554,4.3574
0.8446,-5.9596,6.5689,-7.5554,5.9574
0.7446,-5.7596,6.7689,-8.2554,5.7574
2.4446,-3.9596,7.4689,-7.1554,5.9574
2.8446,-4.3596,8.4689,-5.4554,6.2574
3.5446,-4.6596,8.4689,-6.4554,5.6574
4.7446,-3.4596,6.5689,-7.9554,4.3574
5.0446,-5.5596,7.9689,-8.2554,4.5574
4.5446,-6.3596,7.2689,-5.7554,5.4574
2.8446,-4.0596,6.7689,-5.7554,5.9574
2.2446,-3.0596,6.8689,-5.8554,6.7574
3.4446,-2.0596,7.2689,-4.4554,7.0574
3.2446,-2.1596,7.1689,-1.9554,8.6574
2.1446,-5.3596,6.7689,-5.1554,8.7574
2.4446,-6.9596,6.7689,-6.3554,7.2574
0.1446,-5.7596,7.5689,-7.1554,4.8574
0.2446,-4.3596,8.0689,-6.2554,4.7574
0.2446,-3.9596,6.9689,-5.6554,2.9574
-0.2554,-2.8596,5.7689,-5.9554,3.9574
-1.1554,-4.3596,4.6689,-7.4554,3.7574
-1.3554,-2.2596,4.4689,-4.8554,3.4574
-0.8554,-1.8596,5.2689,-3.2554,2.5574
-1.5554,-3.3596,4.6689,-3.0554,1.6574
-2.6554,-2.2596,4.1689,-4.4554,-0.1426
-4.0554,-1.3596,5.3689,-6.3554,0.8574
-4.6554,-2.8596,6.1689,-5.4554,2.1574
-3.9554,-1.9596,5.9689,-6.9554,1.6574
-4.0554,-4.2596,6.5689,-5.2554,3.1574
-3.6554,-4.4596,6.4689,-3.8554,3.4574
-2.9554,-3.3596,5.4689,-2.9554,3.4574
-5.0554,-4.7596,5.6689,-3.8554,2.6574
-4.3554,-2.9596,5.5689,-4.9554,2.1574
-4.8554,-3.8596,5.6689,-5.5554,0.7574
-2.8554,-2.0596,6.2689,-4.5554,0.0574
-3.0554,-2.1596,2.8689,-4.4554,-0.7426
-5.7554,-3.4596,3.6689,-3.2554,0.7574
-6.7554,-6.3596,3.3689,-2.5554,0.6574
-5.8554,-3.4596,4.0689,-3.8554,0.2574
-4.3554,-0.5596,3.8689,-4.9554,-1.9426
-2.9554,0.1404,4.9689,-3.0554,-0.2426
-3.9554,-1.8596,4.5689,-5.0554,1.7574
-4.6554,-2.2596,3.9689,-4.6554,1.4574
-4.4554,-2.5596,3.5689,-2.5554,3.4574
-5.4554,-3.2596,2.2689,-3.1554,3.8574
-5.0554,-1.2596,1.6689,-3.2554,2.5574
-3.0554,0.8404,1.3689,-4.5554,2.3574
-3.0554,-0.8596,2.1689,-3.9554,4.4574
-2.2554,-3.3596,3.1689,-3.1554,2.2574
-3.9554,-3.2596,4.0689,-4.0554,1.3574
-5.2554,-3.8596,2.9689,-6.2554,0.7574
-4.6554,-2.7596,3.5689,-7.4554,2.6574
-4.4554,-2.5596,4.2689,-5.5554,4.8574
-5.6554,-4.5596,2.9689,-4.4554,3.8574
-3.7554,-1.7596,2.8689,-3.0554,1.4574
-4.5554,-0.9596,1.1689,-3.7554,0.0574
-4.1554,-1.6596,2.1689,-3.3554,-1.3426
-5.7554,0.0404,3.0689,-5.2554,-0.7426
-7.7554,-1.5596,3.4689,-4.3554,0.3574
-9.2554,-1.9596,2.9689,-3.1554,0.9574
-7.6554,-1.1596,0.8689,-2.1554,-1.0426
-7.5554,-0.1596,-0.9311,-2.7554,-1.1426
-7.3554,-0.2596,-2.0311,1.5446,-0.5426
-7.8554,1.1404,-5.1311,2.1446,-1.6426
-8.2554,-0.2596,-4.0311,1.2446,-1.0426
-10.655,-0.6596,-3.7311,-1.1554,-1.5426
-9.4554,1.6404,-0.3311,-3.2554,1.3574
-8.4554,0.9404,1.4689,-5.6554,1.5574
-5.1554,-0.0596,4.3689,-6.7554,3.0574
-3.2554,-1.6596,2.7689,-6.5554,0.3574
-2.8554,-2.5596,1.6689,-7.0554,0.9574
-1.4554,-0.4596,0.7689,-5.6554,1.6574
-1.5554,1.4404,0.0689,-5.1554,1.3574
-1.8554,1.9404,-0.0311,-3.6554,2.7574
2.0446,5.3404,-0.0311,-0.7554,5.4574
6.6446,7.1404,-0.5311,-2.0554,10.557
15.245,12.24,-3.7311,-2.6554,12.157
17.545,14.14,-10.231,-3.9554,4.1574
9.4446,7.8404,-12.531,-5.0554,-3.7426
-4.3554,-6.2596,-2.2311,-5.7554,-8.2426
-15.355,-14.36,8.0689,-9.6554,-6.9426
-10.255,-10.26,10.969,-11.955,-3.0426
-3.7554,-5.9596,9.0689,-12.455,0.7574
-0.1554,-4.6596,7.0689,-9.7554,3.0574
-0.1554,-4.8596,6.4689,-11.055,2.8574
-1.7554,-4.3596,3.5689,-6.8554,2.5574
-0.1554,-1.8596,2.9689,-5.1554,0.0574
-0.0554,-1.7596,4.0689,-8.2554,-0.1426
-2.0554,-3.8596,6.9689,-8.2554,1.5574
-3.4554,-5.5596,6.2689,-6.7554,2.6574
-2.4554,-5.6596,6.5689,-6.0554,2.9574
-2.4554,-3.9596,3.3689,-6.3554,-0.3426
-0.3554,-1.6596,1.6689,-6.0554,-0.1426
0.6446,-2.7596,1.1689,-7.0554,-1.0426
1.1446,-3.3596,2.8689,-8.8554,-2.2426
-0.3554,-3.6596,3.1689,-7.8554,-0.7426
-3.1554,-7.5596,5.5689,-4.8554,4.1574
-6.5554,-12.06,5.9689,0.5446,7.0574
-9.8554,-14.36,6.5689,2.7446,8.6574
-10.655,-12.06,6.6689,3.7446,6.2574
-13.055,-3.2596,0.0689,3.6446,-5.2426
-20.855,8.3404,-11.031,6.3446,-18.843
-30.555,26.14,-26.531,6.8446,-37.843
-37.155,50.64,-41.031,3.9446,-58.843
-42.755,68.44,-52.931,2.1446,-74.543
-46.855,84.74,-62.031,0.0446,-86.643
-40.955,95.04,-62.031,-10.255,-84.743
-11.055,92.54,-44.531,-26.355,-65.143
17.345,77.14,-22.831,-36.755,-40.143
34.745,51.44,-4.6311,-40.255,-17.443
39.645,23.74,9.4689,-35.555,1.4574
34.745,2.3404,13.669,-24.955,13.057
23.645,-13.66,17.069,-15.055,18.757
13.345,-24.06,17.069,-8.1554,21.657
8.1446,-29.76,17.669,-6.0554,23.957
5.3446,-32.06,18.069,-4.2554,24.757
3.0446,-31.66,16.769,-4.1554,23.857
1.4446,-29.76,15.369,-3.4554,24.557
2.9446,-29.66,15.269,0.1446,24.157
0.2446,-29.56,14.569,1.6446,21.957
0.2446,-28.26,14.469,-0.0554,19.657
-0.3554,-25.86,14.669,-1.5554,19.457
0.6446,-21.86,14.769,-1.3554,18.357
-3.3554,-22.76,12.469,0.2446,17.557
-2.5554,-20.76,10.369,-0.5554,15.457
-2.5554,-18.56,8.7689,-2.4554,13.257
-1.8554,-16.56,7.4689,-4.7554,12.157
0.6446,-13.16,9.6689,-1.9554,13.357
0.0446,-14.96,10.169,-3.6554,13.057
-2.0554,-13.86,7.1689,-2.6554,12.157
-2.4554,-12.26,5.2689,-2.8554,9.9574
-1.1554,-10.46,4.3689,-2.4554,8.3574
-2.3554,-8.9596,4.5689,-3.2554,6.7574
-1.4554,-7.8596,4.8689,-5.3554,6.6574
-3.2554,-8.6596,3.6689,-3.8554,6.1574
-3.0554,-9.8596,3.0689,-2.2554,4.3574
-3.3554,-8.0596,4.6689,-5.2554,2.5574
-3.0554,-6.7596,3.9689,-5.8554,4.1574
-3.0554,-7.9596,2.3689,-5.4554,4.2574
-2.3554,-5.5596,1.4689,-5.2554,2.2574
-5.9554,-5.0596,0.9689,-3.1554,1.5574
-4.7554,-4.4596,1.1689,-3.2554,-1.1426
-4.6554,-4.9596,0.5689,-4.3554,-0.6426
-4.5554,-3.9596,0.0689,-6.3554,-0.9426
-3.0554,-1.8596,0.4689,-4.8554,0.0574
-6.2554,-2.3596,0.1689,-4.4554,0.9574
-2.7554,-1.1596,-0.2311,-3.1554,-0.6426
-4.9554,-2.4596,1.2689,-3.4554,-0.2426
-4.1554,-1.3596,-0.2311,-4.2554,-3.5426
-4.4554,-0.0596,-1.2311,-3.2554,-2.7426
-4.4554,-1.6596,-0.3311,-4.1554,-2.6426
-5.6554,0.2404,-4.3311,-5.9554,-4.7426
-3.5554,1.3404,-3.7311,-6.8554,-5.0426
-3.7554,0.9404,-2.6311,-6.9554,-6.3426
-1.9554,3.8404,-2.3311,-5.9554,-5.6426
-4.9554,1.8404,-3.5311,-4.1554,-5.3426
-5.7554,2.2404,-3.1311,-5.9554,-3.9426
-5.9554,3.5404,-2.7311,-3.7554,-3.1426
-4.4554,4.0404,-3.1311,-6.4554,-3.9426
-5.7554,4.0404,-4.1311,-8.2554,-4.0426
-3.2554,7.6404,-4.1311,-9.2554,-5.3426
-2.0554,9.3404,-5.0311,-11.255,-7.6426
-3.6554,9.1404,-5.0311,-11.155,-7.0426
-4.5554,5.8404,-5.8311,-11.455,-7.9426
-3.9554,6.8404,-2.4311,-7.3554,-4.9426
-5.6554,4.2404,-2.1311,-6.1554,-4.0426
-4.4554,5.4404,-1.3311,-4.2554,-4.5426
-3.7554,6.6404,-0.7311,-2.2554,-4.4426
-3.9554,6.8404,-3.2311,-1.6554,-3.6426
-6.8554,5.0404,-4.0311,-4.9554,-3.6426
-6.4554,5.2404,-4.2311,-4.7554,-2.0426
-6.5554,4.7404,-4.1311,-4.3554,-1.6426
-4.9554,5.3404,-3.1311,-4.5554,-1.2426
-3.8554,4.6404,-2.3311,-3.4554,1.3574
-2.5554,1.2404,-3.1311,-4.1554,0.1574
-1.5554,0.7404,-1.6311,-2.3554,0.0574
0.5446,-0.1596,-0.1311,-3.1554,3.2574
-1.5554,-3.6596,3.0689,-2.6554,5.6574
-1.7554,-4.6596,3.2689,-0.5554,7.3574
-2.6554,-5.6596,5.4689,-0.8554,7.4574
-1.0554,-6.4596,4.7689,-4.0554,6.6574
-0.8554,-5.1596,3.2689,-4.8554,7.9574
0.1446,-5.3596,5.8689,-6.6554,10.057
-1.3554,-5.9596,7.3689,-7.5554,11.157
-0.3554,-7.4596,6.2689,-6.4554,10.857
1.0446,-6.5596,6.6689,-3.2554,10.457
2.3446,-8.3596,4.2689,-0.7554,10.857
6.7446,-2.7596,0.4689,-1.3554,8.2574
13.245,3.8404,0.4689,-1.0554,10.657
18.245,9.1404,-4.8311,-2.1554,9.6574
16.245,7.3404,-7.9311,-2.1554,5.0574
8.8446,1.5404,-5.7311,-4.3554,-1.8426
-8.3554,-12.76,6.4689,-9.5554,-4.6426
-13.155,-16.76,9.7689,-13.155,-2.3426
-5.2554,-10.86,9.4689,-12.755,2.0574
0.8446,-6.2596,8.6689,-8.2554,5.9574
2.8446,-2.7596,3.9689,-5.8554,3.4574
0.4446,-3.0596,3.5689,-5.2554,3.5574
-0.5554,-4.3596,2.3689,-6.9554,3.6574
-0.7554,-3.3596,3.4689,-7.3554,3.9574
-1.1554,-3.4596,3.6689,-5.4554,3.6574
-2.3554,-5.2596,1.4689,-6.0554,2.0574
-2.4554,-3.6596,1.5689,-6.5554,1.5574
-2.1554,-2.1596,1.6689,-6.2554,1.9574
-2.2554,-3.1596,2.0689,-6.2554,0.1574
-2.4554,-2.4596,3.9689,-7.6554,0.4574
-3.3554,-3.6596,2.7689,-6.9554,-0.0426
-4.1554,-1.1596,2.3689,-5.9554,1.6574
-2.2554,-2.7596,1.4689,-4.2554,2.5574
-1.6554,-2.6596,-0.8311,-3.9554,2.2574
-1.6554,0.4404,0.0689,-2.3554,1.3574
-4.2554,-1.5596,1.0689,-6.0554,0.2574
-3.7554,-2.1596,1.8689,-3.2554,-0.2426
-2.6554,-2.8596,2.2689,-1.5554,-0.0426
-0.8554,-1.2596,2.1689,-4.4554,0.2574
-2.0554,-0.9596,2.0689,-5.2554,0.9574
-4.8554,-2.9596,0.8689,-4.0554,0.9574
-3.8554,-2.4596,3.2689,-4.7554,0.7574
-2.4554,-3.4596,3.5689,-4.5554,1.5574
-3.6554,-2.8596,3.4689,-3.9554,-0.4426
-4.0554,-2.5596,2.8689,-5.7554,-1.7426
-4.5554,-3.1596,1.1689,-5.6554,-3.7426
-3.7554,-1.5596,2.8689,-4.8554,-2.9426
-3.5554,-2.1596,2.1689,-5.4554,-1.2426
-1.5554,-1.5596,2.4689,-4.5554,-2.5426
-2.8554,-2.5596,1.5689,-1.8554,-2.0426
-0.9554,-2.2596,2.1689,-2.9554,-0.0426
-0.0554,-2.6596,1.0689,-3.4554,1.1574
-0.9554,-1.4596,-0.8311,-4.4554,0.3574
-0.1554,-0.5596,0.8689,-3.9554,-1.1426
0.2446,-2.1596,-0.1311,-3.8554,-3.0426
-0.0554,-1.3596,0.4689,-4.8554,-1.0426
0.1446,-1.3596,2.1689,-4.4554,0.8574
-0.8554,-0.9596,3.1689,-4.5554,1.0574
-1.5554,-0.6596,1.9689,-5.6554,-0.2426
-1.0554,0.1404,1.7689,-2.5554,0.3574
-1.6554,1.1404,-0.1311,-3.7554,-1.5426
0.1446,0.9404,1.4689,-3.5554,-1.1426
0.6446,-0.5596,0.9689,-3.3554,-1.2426
-1.6554,-1.6596,-0.9311,-2.9554,-4.5426
-4.2554,-2.2596,-0.5311,-0.4554,-3.0426
-2.5554,-2.6596,-0.2311,-0.3554,-3.3426
-3.1554,0.4404,-2.3311,1.4446,-2.0426
-5.2554,3.6404,-4.4311,0.8446,-2.8426
-4.5554,4.4404,-4.0311,-1.1554,-4.5426
-5.9554,4.7404,-4.0311,-0.6554,-6.0426
-5.5554,5.2404,-5.0311,1.1446,-5.6426
-7.0554,3.9404,-6.1311,0.6446,-5.7426
-6.3554,2.7404,-6.1311,-2.1554,-5.9426
-4.6554,3.5404,-4.3311,-3.9554,-6.3426
-4.6554,1.2404,-2.6311,-2.9554,-2.8426
-2.7554,0.9404,-1.0311,-3.8554,-2.8426
-0.2554,2.0404,-2.2311,-2.7554,-2.6426
-0.0554,2.0404,-2.8311,-6.3554,-3.6426
2.5446,5.8404,-3.1311,-7.5554,-4.4426
1.4446,2.5404,-4.1311,-7.1554,-4.3426
-1.8554,1.5404,-3.2311,-4.5554,-1.9426
-0.1554,0.1404,-2.8311,-4.7554,-2.0426
2.3446,2.0404,-2.8311,-3.4554,-1.1426
2.2446,2.4404,-1.3311,-4.4554,0.2574
2.8446,0.9404,0.1689,-4.5554,1.7574
1.4446,-1.2596,-0.4311,-3.6554,0.8574
1.5446,-2.6596,-0.0311,-1.6554,2.3574
1.6446,-2.6596,-1.9311,-0.9554,0.8574
2.0446,-1.0596,-0.8311,0.0446,2.3574
1.9446,-2.0596,-1.2311,-2.1554,1.8574
1.8446,-2.4596,-0.7311,-2.1554,2.9574
0.1446,-1.7596,-1.1311,-1.6554,3.4574
0.6446,-0.1596,-2.9311,0.7446,3.6574
1.4446,-1.0596,-1.9311,1.4446,5.4574
0.4446,-2.0596,-2.3311,0.4446,5.4574
1.1446,-1.0596,-1.0311,-0.7554,4.6574
1.4446,-0.7596,-0.3311,0.4446,4.5574
-0.5554,-1.3596,-2.1311,0.0446,1.5574
0.2446,-0.1596,-3.0311,0.9446,0.9574
1.3446,-1.3596,-3.6311,-0.9554,1.3574
-0.3554,0.1404,-0.3311,-0.7554,3.1574
0.0446,-2.0596,2.1689,1.6446,5.6574
-1.3554,-5.1596,1.0689,5.2446,5.7574
-5.5554,-14.16,-1.7311,7.9446,5.4574
-7.6554,-14.66,-0.0311,13.445,7.8574
-7.9554,-13.66,0.3689,14.145,7.1574
-9.6554,-4.9596,-6.1311,13.045,-4.2426
-17.355,6.9404,-13.931,17.545,-15.043
-27.955,22.24,-28.631,16.345,-35.843
-36.555,47.64,-44.831,12.445,-56.143
-41.455,64.74,-57.831,9.3446,-73.143
-46.455,82.74,-67.831,5.7446,-89.843
-42.855,97.74,-71.531,-4.0554,-93.343
-19.355,98.64,-56.731,-19.755,-74.443
11.945,86.54,-33.031,-33.055,-48.143
32.245,61.74,-10.231,-36.855,-21.643
39.045,31.64,4.7689,-30.855,-0.7426
35.945,7.5404,14.669,-16.455,14.157
25.145,-14.06,15.969,-4.5554,24.357
15.545,-25.26,14.269,0.0446,26.057
8.6446,-29.46,13.469,4.4446,26.557
3.2446,-32.96,14.069,10.245,28.057
3.2446,-32.46,11.669,10.445,25.957
9.1446,-25.46,11.069,11.445,28.257
16.445,-16.36,8.4689,11.845,31.557
20.945,-12.06,1.6689,11.545,26.657
11.845,-15.96,-2.4311,10.545,19.057
-2.2554,-27.46,2.3689,7.4446,12.057
-13.955,-36.46,13.569,5.9446,13.457
-11.755,-35.36,15.569,5.4446,14.957
-2.7554,-27.56,13.369,6.5446,16.957
1.5446,-21.96,11.169,6.3446,14.357
3.8446,-17.76,9.9689,6.0446,13.257
2.4446,-16.86,9.1689,4.9446,12.957
2.2446,-16.06,9.1689,4.1446,11.557
0.4446,-15.06,6.9689,4.9446,10.957
2.2446,-14.56,7.0689,6.1446,9.9574
-0.1554,-14.16,5.4689,5.6446,10.057
-0.2554,-12.96,5.3689,4.0446,6.3574
-0.3554,-11.26,5.6689,4.6446,5.7574
-0.4554,-11.86,5.4689,3.0446,3.4574
0.3446,-9.5596,4.9689,2.4446,3.1574
-0.6554,-8.5596,2.4689,4.6446,2.8574
-0.6554,-8.3596,0.4689,5.3446,0.5574
-1.5554,-6.6596,-0.3311,4.8446,-0.2426
-1.6554,-6.3596,-2.6311,3.5446,-0.4426
-2.0554,-4.6596,-2.6311,2.6446,0.5574
-0.2554,-3.5596,-1.2311,1.8446,1.7574
0.2446,-4.3596,-0.8311,1.5446,1.6574
0.9446,-4.3596,0.0689,4.1446,1.4574
-0.3554,-4.6596,-1.0311,7.2446,-0.0426
-1.6554,-3.0596,-3.4311,7.8446,-0.5426
-2.1554,-0.9596,-5.3311,8.6446,-2.7426
-1.2554,-0.6596,-5.2311,5.5446,-3.9426
-2.0554,-0.9596,-3.9311,5.9446,-2.7426
-3.1554,-2.1596,-6.3311,3.7446,-3.8426
-2.1554,-0.7596,-4.1311,4.2446,-2.0426
-4.6554,-0.5596,-4.5311,2.5446,-2.9426
-3.4554,0.1404,-6.6311,3.4446,-3.7426
-3.1554,-0.1596,-5.2311,4.9446,-4.1426
-1.4554,-0.9596,-6.7311,4.9446,-4.5426
-1.5554,1.5404,-5.9311,6.2446,-4.5426
-2.8554,3.1404,-5.9311,7.3446,-4.8426
-3.4554,2.2404,-4.7311,7.4446,-3.8426
-3.2554,2.2404,-5.0311,4.6446,-4.8426
-4.3554,3.3404,-8.1311,4.2446,-5.1426
-2.9554,6.1404,-7.5311,4.7446,-6.2426
-1.6554,6.7404,-5.5311,5.0446,-5.0426
-1.7554,6.8404,-6.6311,7.1446,-4.8426
-1.6554,5.7404,-7.6311,5.8446,-4.9426
-2.9554,5.4404,-8.0311,6.2446,-4.2426
-3.7554,4.1404,-9.8311,7.1446,-4.1426
-2.9554,3.9404,-9.3311,8.7446,-5.1426
-2.7554,3.9404,-10.731,7.1446,-4.1426
-0.3554,5.7404,-8.9311,6.7446,-3.0426
-1.6554,5.3404,-8.1311,3.5446,-2.7426
-3.8554,5.7404,-7.9311,5.6446,-2.2426
-2.0554,6.2404,-6.2311,5.6446,-2.3426
-2.1554,3.9404,-6.3311,7.1446,-1.2426
-1.2554,3.0404,-4.5311,7.8446,-0.3426
0.5446,0.8404,-3.4311,6.6446,1.2574
2.1446,1.0404,-4.1311,6.3446,3.2574
0.6446,-1.7596,-2.9311,6.1446,4.2574
0.4446,-2.2596,-0.2311,6.3446,5.3574
0.1446,-3.0596,2.0689,7.6446,6.3574
2.3446,-3.6596,1.7689,7.6446,6.4574
4.3446,-4.4596,1.5689,7.3446,6.9574
4.1446,-5.3596,0.8689,5.2446,7.0574
6.2446,-5.4596,3.6689,3.7446,6.3574
6.4446,-5.6596,4.4689,5.0446,7.7574
6.8446,-6.5596,3.8689,2.2446,8.1574
6.7446,-6.9596,4.3689,1.2446,9.1574
6.2446,-6.7596,3.8689,1.0446,8.2574
7.3446,-6.8596,2.8689,2.9446,6.6574
8.6446,-5.1596,3.8689,4.2446,8.5574
6.6446,-7.0596,2.5689,1.4446,6.4574
6.3446,-6.5596,5.3689,2.9446,7.6574
6.1446,-5.1596,2.4689,2.8446,5.8574
9.1446,-5.5596,3.2689,2.7446,7.2574
9.6446,-4.6596,4.3689,2.9446,7.5574
8.6446,-3.1596,3.4689,1.9446,6.4574
8.0446,-0.9596,4.0689,3.6446,5.9574
6.3446,-2.9596,2.7689,3.7446,5.9574
7.3446,-1.3596,1.1689,4.1446,3.8574
5.8446,-0.5596,0.1689,5.2446,3.9574
4.0446,-2.0596,0.1689,6.2446,5.4574
4.5446,-2.6596,1.8689,5.7446,6.2574
4.1446,-2.4596,1.4689,4.1446,5.8574
3.3446,-1.8596,1.0689,5.2446,5.0574
1.3446,-3.6596,0.2689,5.0446,3.5574
1.8446,-3.7596,0.9689,5.0446,2.2574
1.2446,-4.0596,-0.7311,5.6446,1.9574
2.1446,-2.6596,-0.5311,4.7446,1.6574
-0.6554,-3.1596,-2.0311,5.7446,1.0574
-1.4554,-1.9596,0.8689,7.2446,2.4574
-1.2554,-3.5596,0.5689,6.8446,3.8574
-0.0554,-2.6596,1.3689,8.6446,3.8574
0.0446,-1.1596,1.1689,6.8446,2.2574
-0.2554,-1.1596,-0.2311,4.1446,1.1574
-0.5554,-1.9596,0.3689,3.0446,2.3574
-0.0554,-1.8596,0.2689,1.9446,0.1574
-0.0554,-3.3596,0.5689,1.7446,0.2574
0.9446,-4.4596,-0.1311,2.5446,-0.1426
1.8446,-3.4596,0.6689,2.9446,0.6574
1.1446,-2.8596,-0.7311,3.8446,1.5574
1.5446,-2.5596,-1.2311,3.9446,1.9574
1.3446,-3.5596,-1.8311,2.4446,0.3574
1.1446,-2.9596,-0.0311,3.5446,0.4574
-0.3554,-3.7596,-1.8311,3.0446,0.9574
1.1446,-0.1596,-1.6311,4.4446,1.1574
1.7446,0.7404,-2.5311,6.5446,2.5574
2.2446,-0.0596,-2.4311,6.4446,1.2574
3.2446,-1.6596,-2.5311,4.8446,2.0574
1.7446,-2.4596,-1.9311,9.4446,2.8574
3.5446,0.9404,-2.9311,11.045,5.0574
9.1446,6.3404,-6.9311,9.6446,7.6574
16.545,12.04,-13.431,10.645,7.2574
15.545,12.24,-19.131,9.2446,1.0574
7.0446,5.9404,-16.631,7.0446,-4.6426
-9.3554,-8.2596,-5.6311,3.6446,-7.1426
-16.055,-13.96,0.8689,-0.4554,-3.7426
-8.8554,-7.3596,0.4689,2.3446,-0.2426
-1.4554,-3.6596,0.0689,2.3446,2.2574
-0.2554,-1.4596,0.6689,1.5446,2.7574
-0.8554,0.3404,0.6689,-0.0554,3.1574
-2.6554,-0.7596,1.2689,0.7446,3.3574
-1.5554,-1.1596,1.2689,0.8446,3.5574
-1.8554,-0.2596,-0.3311,2.3446,2.7574
-2.1554,-1.0596,0.7689,1.6446,2.6574
-3.1554,-1.7596,-1.2311,2.9446,0.6574
-3.7554,0.4404,-1.5311,3.6446,0.0574
-2.8554,2.1404,-2.1311,4.1446,-0.7426
-4.1554,2.0404,-3.5311,6.0446,-2.7426
-4.1554,3.1404,-4.4311,6.9446,-3.2426
-4.0554,3.8404,-3.8311,6.4446,-3.0426
-3.1554,0.8404,-5.9311,4.7446,-2.9426
-3.5554,1.1404,-4.6311,5.7446,-2.9426
-3.5554,3.5404,-4.4311,7.7446,-2.4426
-4.6554,2.3404,-5.2311,5.3446,-3.5426
-3.0554,2.7404,-4.4311,3.7446,-3.8426
-1.5554,0.9404,-3.7311,3.4446,-2.1426
0.8446,3.3404,-2.6311,-0.4554,-3.7426
4.0446,6.9404,-1.0311,1.1446,-3.0426
3.3446,3.1404,-2.7311,-0.6554,-2.0426
2.5446,1.9404,-1.8311,0.4446,-0.9426
5.2446,2.8404,-0.1311,0.1446,0.8574
5.8446,1.5404,0.8689,1.8446,2.9574
5.9446,-0.5596,0.1689,1.4446,0.9574
4.7446,-0.9596,-0.6311,1.2446,1.1574
3.1446,-1.2596,-0.0311,0.3446,1.5574
3.3446,-0.3596,0.1689,1.0446,1.6574
4.5446,-1.9596,-0.5311,1.5446,1.2574
4.1446,-1.6596,-0.4311,1.9446,1.1574
3.1446,-1.2596,1.9689,3.9446,3.4574
3.7446,-0.1596,0.8689,0.7446,1.8574
5.5446,0.8404,-1.1311,2.5446,2.0574
4.5446,-2.1596,-1.5311,3.4446,2.0574
4.3446,-3.3596,-3.2311,4.5446,2.7574
4.0446,-1.2596,-2.2311,3.6446,1.9574
5.9446,0.4404,-0.9311,3.6446,3.7574
4.5446,-0.7596,-2.0311,2.5446,2.0574
6.4446,-1.4596,-2.6311,2.5446,1.7574
5.6446,-0.5596,-3.5311,2.0446,1.9574
7.4446,1.6404,-3.9311,3.9446,1.9574
4.8446,1.0404,-2.4311,3.7446,3.4574
1.4446,-0.2596,-2.9311,3.6446,2.0574
2.6446,0.7404,-1.0311,4.5446,2.6574
2.2446,-1.5596,-0.0311,5.4446,5.2574
2.9446,-6.5596,1.0689,7.3446,8.8574
1.9446,-9.3596,2.3689,9.0446,9.2574
-0.7554,-8.7596,1.9689,14.945,10.457
-4.3554,-5.9596,-4.7311,13.345,1.5574
-9.2554,6.0404,-13.531,16.945,-10.443
-21.855,19.24,-25.431,18.445,-27.643
-29.855,43.14,-41.331,16.645,-52.843
-34.155,65.74,-52.731,18.245,-66.843
-40.255,80.84,-65.531,11.945,-82.743
-40.155,96.64,-71.231,5.2446,-91.443
-23.255,96.34,-60.631,-9.7554,-79.143
4.9446,86.94,-36.831,-24.355,-54.643
26.145,64.14,-14.831,-32.055,-27.443
35.945,36.14,3.8689,-29.355,-4.2426
35.045,11.24,11.769,-20.755,10.857
27.245,-7.2596,12.769,-7.5554,18.557
17.645,-20.36,13.569,1.1446,22.957
11.045,-26.16,13.469,5.9446,24.057
8.4446,-26.86,13.669,9.7446,22.557
8.1446,-28.46,12.169,8.9446,20.957
10.745,-28.66,13.169,9.8446,21.257
10.345,-27.26,11.969,7.9446,20.957
7.3446,-27.26,12.969,7.4446,19.757
8.2446,-24.06,14.469,6.7446,18.357
5.1446,-23.36,10.869,5.2446,16.857
5.8446,-20.26,8.4689,3.0446,14.657
7.5446,-18.96,7.7689,4.1446,14.057
8.8446,-16.56,8.0689,8.1446,13.757
7.9446,-13.16,7.5689,7.9446,12.357
6.2446,-14.76,5.6689,6.3446,11.457
6.8446,-13.56,6.0689,3.9446,11.057
7.0446,-12.06,4.7689,4.4446,10.357
6.2446,-11.66,5.5689,4.2446,7.8574
4.0446,-12.06,4.0689,2.9446,7.8574
5.2446,-8.1596,5.0689,4.5446,8.3574
4.2446,-9.4596,2.5689,3.2446,7.2574
4.7446,-9.3596,2.6689,6.3446,8.0574
4.4446,-10.06,0.2689,6.7446,6.8574
1.3446,-8.9596,-0.7311,5.9446,5.8574
1.6446,-6.3596,1.6689,6.5446,5.8574
2.9446,-5.2596,1.9689,4.0446,5.1574
3.8446,-4.3596,3.3689,2.7446,4.7574
2.9446,-4.8596,0.2689,2.3446,2.1574
1.8446,-4.8596,-0.9311,3.1446,2.8574
3.1446,-4.2596,-1.8311,4.6446,2.2574
4.4446,-3.6596,0.0689,3.4446,2.8574
5.2446,-2.6596,0.5689,0.7446,2.2574
3.0446,-3.6596,-0.8311,0.4446,1.2574
1.2446,-2.8596,0.9689,4.3446,1.5574
2.1446,-2.6596,-0.9311,3.3446,-0.0426
0.1446,-0.0596,-2.1311,4.7446,0.4574
0.7446,0.9404,-4.1311,3.3446,-0.9426
2.4446,0.5404,-1.9311,2.8446,0.0574
1.2446,0.3404,-4.6311,1.8446,-0.9426
0.1446,2.1404,-3.3311,3.8446,0.5574
-0.4554,-0.9596,-4.1311,3.9446,0.0574
-1.5554,0.7404,-4.6311,4.6446,0.7574
1.5446,3.4404,-4.4311,5.9446,1.0574
5.3446,10.04,-6.0311,7.6446,4.4574
14.845,15.04,-10.931,7.5446,4.8574
16.445,17.94,-18.431,6.9446,-0.2426
8.7446,14.14,-18.931,4.1446,-6.9426
-7.2554,-0.1596,-12.031,-0.0554,-13.743
-17.155,-8.0596,-1.4311,0.1446,-12.343
-14.055,-6.3596,-1.3311,2.4446,-7.0426
-7.7554,-1.5596,-5.3311,2.0446,-5.3426
-2.5554,4.0404,-5.7311,2.6446,-3.8426
-4.0554,5.3404,-6.1311,2.3446,-3.2426
-3.2554,6.5404,-6.2311,0.8446,-3.4426
-3.9554,6.7404,-5.5311,3.0446,-2.6426
-4.5554,4.5404,-6.1311,2.4446,-5.4426
-2.1554,5.3404,-4.2311,5.3446,-4.1426
-1.7554,3.8404,-4.5311,1.9446,-3.9426
-1.0554,4.8404,-4.9311,1.6446,-2.7426
-2.9554,2.5404,-3.6311,1.7446,-2.7426
-2.9554,3.8404,-3.4311,3.6446,-1.6426
-1.4554,4.0404,-3.1311,6.6446,-1.3426
-1.7554,4.7404,-2.2311,4.9446,0.9574
-0.7554,4.8404,-1.0311,3.1446,1.1574
-1.6554,1.9404,0.7689,4.0446,2.3574
-2.7554,0.2404,-0.3311,3.3446,3.1574
-1.1554,-0.3596,-0.1311,1.6446,2.9574
1.0446,-0.8596,1.2689,3.2446,3.6574
0.2446,-3.4596,3.0689,3.5446,5.1574
2.1446,-2.3596,1.6689,2.4446,6.0574
2.6446,-2.3596,1.1689,0.4446,5.2574
3.4446,-3.5596,1.7689,1.1446,5.4574
5.3446,-4.7596,2.2689,1.3446,5.2574
5.4446,-5.0596,2.2689,0.6446,6.0574
5.6446,-4.1596,1.6689,-1.7554,5.2574
6.4446,-3.8596,0.7689,-5.6554,3.3574
6.6446,-1.4596,2.1689,-1.5554,3.4574
6.2446,-3.4596,2.4689,-0.2554,3.2574
7.5446,-0.6596,5.7689,1.3446,4.5574
7.2446,-2.4596,4.8689,-0.5554,4.3574
6.8446,-2.6596,3.2689,-0.5554,2.9574
6.7446,-1.9596,3.9689,0.7446,2.1574
6.9446,-0.8596,2.4689,0.5446,0.6574
6.7446,-0.1596,2.9689,1.2446,1.0574
7.9446,-0.0596,3.6689,2.5446,1.5574
5.8446,-0.9596,1.6689,3.4446,4.0574
6.3446,0.2404,2.4689,3.8446,4.6574
6.7446,-0.3596,2.8689,0.6446,2.3574
5.3446,-0.3596,2.0689,2.6446,2.8574
3.2446,-2.5596,0.7689,4.7446,2.3574
1.9446,-0.7596,-0.3311,3.0446,2.3574
1.8446,-0.1596,-0.1311,3.0446,1.9574
1.4446,0.2404,-0.8311,0.2446,1.6574
2.5446,-1.1596,2.3689,2.7446,1.1574
1.8446,-1.0596,0.0689,4.1446,0.8574
2.0446,-0.2596,-1.5311,6.7446,0.9574
3.8446,-0.4596,-2.3311,4.8446,1.4574
3.4446,-0.6596,-2.4311,3.6446,0.8574
1.8446,-0.9596,-2.0311,3.5446,2.4574
1.7446,0.5404,-1.5311,1.5446,1.1574
1.4446,0.9404,-0.2311,0.5446,0.7574
0.5446,-0.8596,-0.1311,2.2446,0.0574
1.6446,0.8404,-1.8311,3.8446,-2.0426
0.9446,2.2404,-2.4311,4.5446,-2.3426
-0.0554,1.9404,-1.2311,1.3446,-2.7426
0.4446,1.9404,-2.2311,1.5446,-2.4426
0.3446,1.0404,-2.7311,2.8446,-1.8426
0.1446,0.6404,-2.8311,1.3446,0.2574
2.4446,2.8404,-1.1311,0.4446,0.2574
0.7446,0.7404,-2.4311,0.4446,-0.0426
0.0446,-1.2596,-0.2311,2.6446,1.8574
-1.2554,-2.5596,-1.2311,1.3446,3.9574
0.4446,-0.2596,-3.1311,-0.2554,2.3574
0.7446,1.3404,-4.5311,0.1446,2.2574
0.0446,0.5404,-2.8311,0.6446,2.5574
0.4446,3.2404,-2.9311,0.1446,1.9574
1.2446,4.0404,-4.0311,1.7446,1.6574
0.6446,3.0404,-4.5311,2.1446,0.0574
0.2446,-1.3596,-2.9311,1.0446,-0.0426
-0.0554,-1.2596,-2.9311,1.6446,-1.2426
0.7446,2.1404,-2.8311,2.2446,-0.1426
1.2446,1.6404,-2.2311,1.4446,-1.0426
1.2446,2.2404,-3.5311,3.2446,-1.4426
3.0446,3.7404,-2.3311,3.8446,-0.9426
2.5446,2.0404,-3.6311,4.0446,0.1574
2.1446,1.1404,-2.6311,5.0446,1.4574
1.5446,1.8404,-3.7311,4.3446,1.0574
1.6446,3.0404,-4.8311,3.8446,-0.7426
0.1446,2.9404,-3.8311,2.5446,-1.6426
-0.3554,1.8404,-4.1311,2.6446,-2.2426
1.5446,2.2404,-3.7311,4.5446,-1.8426
2.7446,1.3404,-2.6311,4.3446,-1.1426
0.5446,0.4404,-2.8311,3.0446,-1.9426
0.6446,0.2404,-4.7311,2.8446,-1.5426
0.8446,0.0404,-3.6311,3.7446,-1.6426
1.4446,0.8404,-2.7311,4.3446,-0.6426
-1.0554,1.2404,-3.6311,3.2446,-1.7426
0.0446,1.4404,-1.6311,4.3446,-1.0426
-0.1554,0.1404,-1.4311,2.5446,-3.0426
-0.9554,0.4404,-3.2311,3.3446,-3.5426
1.2446,3.1404,-3.6311,3.0446,-4.5426
0.6446,2.8404,-3.5311,2.9446,-4.0426
-0.3554,3.6404,-5.0311,4.3446,-3.7426
-3.2554,1.8404,-6.3311,4.2446,-3.7426
-3.7554,2.1404,-6.3311,5.5446,-2.0426
-3.2554,2.5404,-7.7311,5.6446,-1.8426
-3.5554,3.2404,-7.8311,8.5446,-1.0426
-3.2554,5.3404,-7.1311,8.9446,-1.2426
-3.4554,5.5404,-7.5311,6.5446,-2.5426
-3.6554,4.2404,-5.8311,6.8446,-2.4426
-2.4554,3.8404,-5.9311,5.8446,-3.2426
0.5446,3.9404,-3.7311,5.3446,-0.6426
2.3446,4.5404,-3.0311,6.8446,2.2574
6.1446,7.2404,-6.0311,6.5446,4.2574
13.745,12.14,-8.5311,4.3446,6.8574
21.445,20.94,-12.531,3.8446,2.9574
17.545,19.54,-17.031,1.1446,-3.0426
7.3446,10.64,-14.131,-0.5554,-8.3426
-9.2554,-5.8596,-4.5311,-2.6554,-10.643
-13.555,-10.06,6.6689,-3.9554,-5.5426
-3.8554,-4.2596,8.5689,-3.5554,-1.5426
3.2446,1.2404,6.3689,-2.2554,2.8574
5.6446,-0.9596,4.5689,-0.9554,3.2574
6.3446,0.5404,3.1689,-1.8554,2.1574
3.0446,-0.0596,3.7689,-0.8554,3.1574
3.3446,-1.5596,2.6689,-3.5554,2.7574
4.1446,-3.5596,1.7689,-4.2554,0.7574
4.5446,-2.4596,1.1689,-3.2554,1.0574
4.6446,-3.1596,-1.3311,-2.4554,0.0574
3.4446,-0.6596,1.1689,-0.8554,0.7574
2.3446,-1.5596,-0.9311,-1.8554,0.1574
1.2446,-0.9596,-0.9311,0.8446,-0.6426
2.2446,-0.7596,0.3689,-0.4554,0.0574
2.3446,-2.5596,-0.4311,-0.0554,-0.0426
2.1446,1.0404,-0.7311,1.5446,-1.3426
1.5446,0.9404,0.8689,-0.3554,-1.3426
0.9446,-0.7596,-0.7311,1.0446,-2.9426
2.0446,-1.5596,-1.4311,0.0446,-4.5426
2.2446,-0.1596,-2.1311,-1.0554,-3.3426
2.9446,-1.6596,0.0689,0.8446,-0.3426
1.3446,-7.3596,1.9689,2.7446,1.1574
0.7446,-10.16,3.7689,3.9446,2.7574
-1.6554,-10.66,2.0689,5.2446,1.3574
-2.8554,-3.3596,-2.4311,6.5446,-5.0426
-10.655,5.5404,-12.531,9.4446,-15.543
-19.255,22.64,-24.931,10.345,-30.743
-27.855,44.84,-39.431,10.145,-51.443
-31.355,65.74,-50.631,8.4446,-69.343
-39.955,82.14,-61.531,7.3446,-83.743
-40.655,95.94,-67.431,1.6446,-90.043
-21.855,99.44,-56.431,-9.9554,-76.943
7.0446,86.64,-34.831,-21.855,-51.643
26.345,60.14,-11.931,-28.255,-26.543
35.645,29.64,5.9689,-25.255,-3.7426
34.545,6.2404,12.369,-19.855,10.957
26.645,-12.86,16.169,-8.7554,19.457
16.045,-25.76,14.669,-0.6554,22.357
10.345,-28.76,12.069,5.7446,23.857
8.1446,-29.46,14.269,8.4446,25.557
6.6446,-30.46,13.369,6.2446,25.057
7.2446,-28.66,12.169,4.3446,22.157
6.0446,-29.96,13.069,5.0446,22.457
5.5446,-30.26,14.569,4.4446,20.057
6.3446,-27.16,14.769,4.8446,19.357
3.5446,-24.66,14.069,6.6446,19.057
2.2446,-24.96,10.869,6.1446,17.057
4.0446,-22.36,9.6689,5.3446,14.257
3.1446,-22.46,8.8689,3.6446,12.457
2.4446,-19.36,8.1689,3.9446,11.357
1.2446,-16.36,5.7689,3.1446,8.8574
2.5446,-14.06,5.4689,3.7446,7.9574
3.8446,-14.16,4.3689,3.3446,7.7574
3.4446,-11.26,4.7689,1.2446,6.3574
2.2446,-10.56,4.5689,1.3446,5.7574
0.6446,-10.36,2.4689,2.5446,5.1574
0.9446,-9.7596,2.7689,2.9446,1.6574
0.8446,-9.2596,4.1689,3.6446,2.3574
0.2446,-10.76,0.5689,1.9446,0.4574
1.2446,-4.9596,1.0689,-0.5554,-1.1426
1.9446,-4.1596,0.8689,-1.5554,0.1574
1.0446,-2.7596,0.4689,-0.5554,-0.6426
2.3446,-1.6596,0.0689,-2.4554,-1.2426
2.8446,-2.2596,0.2689,-2.3554,-1.6426
-0.2554,-4.2596,-0.5311,-2.9554,-2.0426
0.4446,-0.6596,-0.7311,-0.4554,-1.2426
1.6446,-0.2596,-0.8311,0.9446,-0.9426
1.4446,-0.3596,-1.2311,0.4446,-1.6426
1.8446,0.9404,-0.2311,1.2446,-2.2426
2.0446,1.8404,-1.9311,-1.3554,-3.3426
4.0446,2.2404,-3.4311,1.5446,-4.8426
3.5446,2.5404,-4.3311,1.9446,-4.4426
2.2446,1.1404,-4.4311,1.5446,-3.7426
2.8446,0.5404,-1.8311,1.0446,-3.5426
0.6446,1.5404,-6.0311,-0.5554,-5.2426
1.3446,1.9404,-5.0311,0.0446,-5.8426
2.1446,2.4404,-5.8311,0.0446,-5.3426
1.2446,4.5404,-5.8311,2.1446,-4.5426
0.3446,3.2404,-8.0311,1.0446,-4.8426
0.2446,3.7404,-6.6311,0.7446,-5.3426
0.4446,4.2404,-5.5311,0.2446,-6.9426
-1.9554,3.8404,-4.0311,-0.5554,-6.4426
-1.5554,5.1404,-5.0311,-1.3554,-6.9426
-2.5554,6.5404,-3.2311,0.0446,-5.2426
-4.7554,6.3404,-5.5311,3.0446,-6.1426
-4.0554,3.9404,-6.0311,4.4446,-5.9426
-3.9554,4.7404,-5.9311,5.5446,-5.1426
-3.8554,4.3404,-5.7311,5.4446,-4.3426
-4.2554,2.8404,-4.5311,5.5446,-4.2426
-4.1554,2.5404,-2.9311,6.3446,-3.3426
-7.2554,-1.0596,-4.8311,4.6446,-2.2426
-3.8554,1.4404,-5.0311,4.2446,-3.3426
-4.7554,3.7404,-6.1311,5.0446,-2.9426
-5.1554,4.5404,-6.9311,2.7446,-2.8426
-3.9554,5.5404,-4.9311,2.5446,-2.8426
-2.5554,5.3404,-3.0311,4.9446,-0.4426
-4.2554,2.8404,-4.4311,3.7446,0.1574
-3.8554,2.6404,-4.5311,3.8446,-0.2426
-3.7554,3.4404,-4.1311,3.4446,1.0574
-2.4554,4.2404,-4.0311,4.6446,1.2574
-2.4554,1.4404,-1.8311,5.7446,1.8574
-1.4554,-0.5596,-1.0311,4.2446,1.3574
-2.0554,0.0404,-1.7311,2.6446,2.2574
-2.0554,-1.6596,-1.4311,2.7446,4.3574
-1.3554,-3.8596,-0.0311,2.0446,6.9574
1.9446,-2.6596,-0.8311,4.3446,8.5574
8.4446,1.5404,-3.2311,4.5446,9.0574
17.345,7.2404,-6.0311,5.0446,12.057
20.045,8.7404,-10.431,5.1446,8.4574
14.945,4.3404,-13.631,5.1446,4.3574
2.8446,-5.7596,-6.0311,2.1446,-1.1426
-10.855,-18.26,6.1689,-0.6554,0.4574
-7.5554,-15.16,10.169,-3.5554,3.8574
2.1446,-10.06,7.9689,-3.7554,7.4574
4.9446,-8.0596,5.9689,-3.2554,6.8574
6.2446,-7.1596,6.1689,-3.2554,5.6574
5.5446,-5.6596,4.8689,-4.6554,5.8574
3.4446,-4.2596,5.6689,-5.3554,5.9574
1.3446,-5.4596,3.2689,-5.8554,5.5574
2.4446,-4.5596,2.5689,-5.5554,4.5574
2.0446,-3.7596,1.7689,-1.9554,4.9574
2.8446,-5.9596,1.9689,-1.3554,5.8574
2.4446,-4.6596,3.4689,-1.0554,3.6574
1.4446,-6.8596,3.9689,-2.3554,2.1574
1.0446,-3.7596,4.7689,0.0446,0.6574
-0.2554,-4.7596,4.6689,1.9446,1.2574
0.6446,-3.6596,3.5689,2.2446,1.9574
0.6446,-2.1596,0.1689,-0.7554,-0.4426
0.5446,-0.4596,-2.1311,-2.1554,-0.8426
0.3446,-1.9596,-2.4311,-0.1554,-0.2426
0.0446,-2.1596,0.1689,2.5446,1.3574
0.0446,-1.8596,-0.0311,1.2446,1.2574
0.3446,-0.7596,0.6689,-0.0554,0.6574
-0.9554,-3.6596,-0.4311,-0.2554,1.3574
-0.6554,-3.3596,0.1689,-0.9554,0.8574
-3.0554,-1.8596,1.3689,0.8446,2.6574
0.5446,-2.1596,0.5689,1.4446,2.3574
-1.0554,-3.9596,-0.7311,2.1446,2.9574
-0.6554,-1.2596,-0.8311,0.0446,2.7574
-0.7554,-0.9596,-0.1311,-0.2554,3.1574
-0.3554,-2.8596,2.4689,-0.1554,2.7574
-0.1554,-3.7596,0.8689,0.0446,3.5574
-3.5554,-5.1596,0.7689,-0.4554,3.6574
-3.0554,-5.3596,-0.2311,0.6446,4.9574
-1.7554,-1.1596,0.7689,0.6446,4.0574
-0.9554,-1.2596,0.5689,1.6446,4.1574
-1.1554,-4.4596,0.3689,1.6446,3.1574
-1.4554,-2.3596,0.4689,0.8446,2.3574
-0.3554,-2.2596,1.9689,2.6446,3.1574
-0.3554,-1.4596,0.4689,3.5446,2.1574
-0.3554,-0.0596,0.3689,3.5446,1.0574
0.4446,-1.1596,1.3689,1.6446,2.0574
-0.3554,-1.9596,0.1689,0.8446,1.6574
0.0446,-1.5596,-1.1311,1.3446,1.2574
-1.8554,-1.3596,2.1689,1.8446,2.3574
-1.8554,0.4404,2.9689,-0.4554,1.7574
-1.4554,0.7404,0.7689,-0.6554,-0.2426
-2.6554,-0.0596,-0.2311,0.9446,-0.5426
-1.0554,0.0404,-1.1311,1.3446,-0.4426
-0.6554,0.7404,-1.5311,0.9446,0.2574
-0.5554,1.8404,-1.6311,-1.0554,-1.4426
1.6446,3.0404,-0.5311,0.7446,0.1574
1.1446,2.4404,0.7689,1.8446,0.2574
-0.3554,1.7404,1.4689,0.0446,-1.1426
-1.2554,-0.9596,-1.3311,-0.1554,-3.5426
-1.9554,-0.0596,-1.7311,0.1446,-3.7426
-1.5554,-1.0596,-1.0311,-0.2554,-2.5426
-1.4554,0.0404,-0.0311,-0.7554,-1.5426
0.1446,1.0404,-0.9311,-3.0554,-2.9426
-0.0554,-1.2596,0.6689,-2.0554,-2.3426
-2.8554,-3.1596,-3.2311,-4.1554,-3.4426
0.4446,1.4404,-0.6311,-4.5554,-2.2426
0.9446,0.2404,0.4689,-5.4554,-1.5426
-0.2554,-0.5596,-1.4311,-4.5554,-1.8426
-0.7554,0.8404,-3.4311,-3.2554,-2.4426
-0.1554,1.2404,-2.8311,-1.5554,-0.7426
1.4446,1.7404,-2.0311,-0.8554,0.7574
-0.3554,-0.4596,-0.8311,-1.7554,1.4574
-1.7554,1.4404,-2.1311,-2.5554,0.0574
-2.1554,1.3404,-3.4311,-2.2554,-0.6426
-3.3554,2.5404,-3.0311,-1.5554,0.7574
-2.5554,0.4404,-3.3311,-1.7554,-0.1426
-3.4554,0.3404,-5.1311,-2.4554,-0.1426
-2.0554,1.9404,-4.5311,-1.2554,-1.0426
-1.1554,3.8404,-4.1311,-0.4554,-2.7426
-1.8554,5.5404,-4.6311,0.5446,-3.9426
-0.9554,7.1404,-6.2311,-1.3554,-6.3426
-1.5554,5.0404,-7.8311,-4.0554,-5.6426
-1.0554,5.5404,-7.4311,-4.1554,-5.0426
2.1446,5.8404,-7.1311,-4.1554,-4.8426
3.8446,6.5404,-5.3311,-4.4554,-3.8426
2.3446,5.8404,-3.0311,-6.0554,-4.6426
0.9446,1.6404,-1.9311,-6.1554,-3.2426
-1.5554,2.0404,-2.5311,-7.2554,-3.9426
1.2446,3.8404,-2.6311,-8.2554,-3.5426
2.1446,4.3404,-2.3311,-4.9554,-1.4426
2.1446,-0.0596,-2.7311,-5.3554,-0.9426
1.5446,-1.0596,-1.7311,-3.5554,0.5574
1.3446,-0.9596,-1.7311,-3.4554,1.2574
3.5446,0.2404,0.7689,-3.2554,1.6574
5.3446,0.9404,0.9689,-5.5554,-0.2426
1.9446,-0.7596,-0.0311,-6.4554,-0.0426
2.0446,-1.1596,-0.7311,-5.9554,0.0574
3.1446,-2.3596,-0.2311,-5.0554,-0.2426
2.3446,-1.6596,-0.3311,-3.4554,0.2574
2.7446,1.1404,-0.7311,-3.2554,-0.3426
2.2446,1.8404,0.2689,-2.5554,0.6574
3.3446,-1.1596,0.6689,-2.4554,2.1574
4.8446,-0.3596,0.9689,-1.9554,2.0574
6.5446,-0.0596,1.2689,-3.5554,0.7574
5.6446,0.3404,1.7689,-2.3554,1.0574
4.1446,-0.4596,1.5689,-3.7554,1.4574
3.9446,0.9404,0.8689,-4.1554,0.0574
2.0446,-0.2596,-0.9311,-5.0554,-1.4426
0.8446,-1.2596,-2.8311,-4.3554,-1.3426
2.5446,1.2404,-1.2311,-0.0554,1.3574
1.9446,0.4404,-0.6311,1.1446,4.0574
5.3446,-0.0596,-2.4311,1.4446,5.7574
10.045,1.3404,-3.8311,2.5446,10.957
15.145,4.6404,-7.8311,4.0446,10.457
10.245,3.9404,-11.631,2.7446,3.7574
-1.1554,-1.1596,-12.831,2.4446,-6.4426
-22.955,-5.9596,-7.5311,3.3446,-17.943
-36.555,2.9404,-11.631,4.8446,-28.643
-38.455,29.74,-26.731,5.6446,-44.743
-37.855,57.24,-42.631,3.8446,-59.743
-41.355,73.84,-54.631,1.1446,-76.743
-42.955,92.94,-62.231,-2.7554,-88.443
-32.455,98.44,-57.231,-13.655,-82.743
-7.1554,89.34,-39.431,-27.855,-60.443
15.345,68.34,-15.931,-34.455,-34.143
30.445,39.54,2.2689,-34.955,-10.743
36.045,13.84,14.069,-29.355,6.4574
28.845,-9.2596,19.369,-19.355,17.257
19.445,-22.96,20.069,-9.2554,22.857
12.145,-27.76,16.769,-4.2554,23.357
6.0446,-29.56,16.269,-3.2554,23.357
4.9446,-28.36,14.469,-3.5554,22.857
4.8446,-26.56,14.069,-2.6554,21.357
4.3446,-26.86,14.869,-2.7554,20.257
2.4446,-26.16,14.169,-3.3554,19.757
2.1446,-25.36,13.369,-3.5554,18.557
2.6446,-24.66,13.169,-2.9554,18.657
2.9446,-23.46,12.069,-1.6554,16.157
3.1446,-22.46,10.369,-3.3554,14.157
3.4446,-20.06,9.2689,-3.5554,11.757
2.3446,-19.06,7.6689,-3.8554,10.057
1.6446,-16.36,6.7689,-4.2554,8.1574
1.4446,-17.96,8.0689,-3.6554,9.0574
2.2446,-16.16,7.5689,-4.2554,8.2574
2.1446,-13.26,8.4689,-3.7554,7.7574
0.2446,-13.16,8.1689,-5.3554,5.8574
0.8446,-11.46,6.4689,-5.1554,4.7574
1.4446,-8.8596,6.0689,-3.4554,3.7574
2.0446,-7.9596,4.0689,-2.8554,1.2574
0.9446,-7.3596,3.3689,-4.9554,1.5574
-1.0554,-8.2596,3.7689,-5.9554,-0.3426
-1.0554,-5.5596,2.4689,-4.2554,-0.4426
-1.6554,-5.8596,0.7689,-3.2554,-1.0426
-0.7554,-3.4596,1.0689,-3.2554,0.4574
-1.7554,-3.6596,2.8689,-3.1554,1.7574
-1.5554,-2.6596,1.3689,-3.7554,0.3574
-1.9554,-2.7596,-0.7311,-3.7554,-1.0426
-1.2554,-1.4596,-1.9311,-3.5554,-1.5426
-0.8554,-0.8596,-2.1311,-5.2554,-3.4426
0.0446,1.9404,-0.2311,-2.5554,-1.5426
-1.6554,-0.5596,-1.8311,-4.0554,-3.5426
-0.1554,1.0404,-1.7311,-3.9554,-2.6426
-0.1554,1.7404,-2.4311,-4.0554,-3.6426
0.8446,2.2404,-0.2311,-2.0554,-3.7426
1.4446,0.4404,-1.3311,-3.8554,-4.3426
1.6446,1.4404,-1.0311,-5.0554,-2.1426
1.0446,1.3404,-0.8311,-2.9554,-1.2426
-1.1554,0.4404,-2.9311,-2.7554,-1.3426
2.2446,1.8404,-1.7311,-4.9554,-3.2426
1.1446,2.7404,-1.2311,-4.9554,-2.8426
0.6446,3.8404,-2.4311,-7.1554,-2.1426
-2.1554,2.8404,-1.3311,-8.0554,-2.0426
-3.8554,1.3404,-2.4311,-5.1554,-3.8426
-2.7554,2.5404,-2.9311,-3.1554,-4.2426
-2.9554,1.9404,-2.5311,-4.4554,-4.3426
-2.9554,2.1404,-3.7311,-5.7554,-3.6426
-3.4554,3.5404,-2.9311,-5.0554,-2.9426
-3.1554,5.0404,-3.1311,-4.3554,-4.6426
-4.5554,3.7404,-6.5311,-5.1554,-5.4426
-2.6554,4.7404,-5.8311,-5.5554,-4.8426
-2.5554,4.7404,-4.8311,-6.1554,-4.0426
-3.1554,3.2404,-3.7311,-7.1554,-3.8426
-2.3554,2.9404,-4.1311,-6.7554,-2.5426
-3.5554,4.9404,-6.3311,-7.7554,-4.0426
-3.4554,5.2404,-7.0311,-4.4554,-5.1426
-2.6554,5.6404,-5.5311,-2.8554,-4.0426
-2.0554,4.7404,-6.4311,-3.2554,-6.2426
-2.4554,6.1404,-5.8311,-3.1554,-6.7426
-1.9554,4.9404,-3.3311,-6.5554,-6.4426
-1.1554,4.7404,-1.7311,-5.9554,-4.9426
0.5446,4.3404,-1.2311,-2.8554,-4.4426
1.1446,3.2404,-3.4311,-2.1554,-4.1426
0.2446,1.2404,-4.0311,-3.9554,-2.3426
-1.0554,-0.6596,-2.8311,-3.8554,-0.1426
-0.4554,-1.7596,-1.1311,-1.9554,0.8574
0.7446,-1.5596,-1.5311,-1.9554,1.8574
2.7446,-2.0596,-0.8311,-3.7554,1.6574
2.7446,-2.3596,-0.5311,-6.2554,1.5574
3.5446,-4.7596,1.2689,-7.9554,2.3574
5.5446,-4.5596,3.3689,-6.5554,5.9574
2.0446,-4.9596,3.5689,-5.3554,6.2574
1.1446,-7.2596,4.0689,-5.0554,5.0574
3.7446,-7.8596,3.9689,-4.5554,4.3574
4.4446,-7.1596,3.6689,-4.3554,2.8574
4.1446,-6.0596,4.4689,-4.9554,2.8574
3.1446,-6.4596,3.3689,-9.5554,0.2574
3.4446,-4.9596,3.3689,-9.4554,-0.1426
3.0446,-4.4596,3.3689,-9.0554,1.7574
4.8446,-5.7596,4.4689,-6.0554,3.6574
4.4446,-5.3596,5.6689,-4.4554,5.1574
4.5446,-4.9596,6.0689,-6.8554,5.8574
0.0446,-6.3596,3.7689,-5.7554,5.7574
-1.5554,-5.2596,1.7689,-5.4554,4.3574
-1.5554,-5.3596,2.2689,-4.5554,4.9574
-1.6554,-5.6596,2.3689,-6.3554,3.8574
-0.3554,-5.9596,3.0689,-5.7554,3.4574
-1.1554,-5.4596,3.7689,-5.5554,2.9574
-3.3554,-4.6596,2.6689,-7.5554,1.4574
-3.5554,-4.5596,1.0689,-5.9554,0.9574
-3.7554,-6.1596,2.3689,-3.6554,2.0574
-4.2554,-7.3596,1.7689,-2.4554,1.4574
-2.9554,-4.3596,3.7689,1.5446,4.1574
0.3446,-0.4596,0.9689,2.6446,3.6574
5.9446,3.4404,-2.8311,2.2446,6.4574
14.945,11.34,-8.2311,1.4446,4.8574
12.545,11.14,-14.131,2.7446,0.7574
6.2446,7.0404,-12.431,0.4446,-5.1426
-8.6554,-6.8596,-0.5311,-2.0554,-8.7426
-17.655,-14.36,8.5689,-5.6554,-4.1426
-12.155,-12.76,8.3689,-6.9554,1.0574
-6.0554,-7.6596,4.1689,-4.2554,3.8574
-5.6554,-4.4596,2.0689,-3.2554,3.5574
-5.5554,-3.6596,1.7689,-7.4554,4.3574
-5.5554,-5.1596,1.8689,-9.0554,2.7574
-5.4554,-5.7596,2.6689,-6.9554,2.1574
-3.9554,-5.5596,2.1689,-5.3554,3.3574
-3.7554,-6.3596,2.0689,-4.6554,4.1574
-1.8554,-3.7596,2.0689,-5.6554,1.7574
-2.1554,-2.1596,2.1689,-7.1554,1.0574
-1.5554,-1.5596,1.9689,-6.5554,0.8574
-0.7554,-0.2596,2.8689,-4.5554,-0.5426
-1.3554,-1.3596,1.7689,-6.9554,0.0574
-2.6554,-2.2596,0.8689,-5.5554,0.2574
-3.1554,-2.7596,0.4689,-6.9554,0.3574
-2.6554,-2.1596,1.0689,-6.9554,-0.7426
-1.8554,0.0404,-0.4311,-7.1554,-1.6426
-0.5554,1.8404,-2.2311,-5.7554,-3.1426
-0.6554,-0.0596,-1.4311,-5.2554,-2.2426
-1.5554,-2.5596,-1.1311,-7.5554,-1.9426
-0.7554,0.0404,1.9689,-8.4554,-0.2426
-1.2554,-0.8596,0.1689,-10.255,0.0574
-0.7554,-3.0596,-1.0311,-7.1554,0.5574
-2.0554,-3.3596,0.6689,-7.7554,1.8574
-2.7554,-3.2596,0.3689,-6.8554,1.3574
-1.7554,-1.2596,0.4689,-7.7554,-1.2426
-2.5554,-1.3596,0.3689,-8.4554,0.2574
-2.1554,-2.0596,-0.4311,-10.455,-1.0426
-0.5554,-0.9596,1.6689,-6.6554,0.6574
-1.9554,-1.7596,-0.0311,-4.4554,2.0574
0.1446,-0.1596,-2.4311,-6.9554,-0.4426
-1.7554,0.1404,-0.1311,-4.9554,2.3574
-2.4554,-2.8596,-0.7311,-6.1554,1.3574
-2.9554,-1.2596,-0.8311,-4.9554,2.8574
-3.8554,-1.8596,-1.2311,-4.3554,3.6574
-4.8554,-0.8596,-1.9311,-5.5554,3.3574
-4.3554,-0.2596,-0.3311,-5.6554,4.2574
-3.5554,-1.0596,1.2689,-6.4554,5.4574
-5.0554,0.8404,1.5689,-5.4554,6.9574
-7.4554,-0.4596,-1.5311,-4.5554,5.4574
-5.5554,2.2404,-2.6311,-6.1554,4.4574
-7.3554,0.3404,-4.3311,-5.5554,3.4574
-6.7554,2.8404,-3.6311,-3.2554,2.4574
-7.3554,4.7404,-6.0311,-2.9554,-1.4426
-6.6554,4.4404,-5.9311,-1.8554,-2.4426
-4.7554,5.5404,-5.2311,-2.2554,-3.8426
-2.8554,4.3404,-4.0311,-3.3554,-4.1426
-1.4554,3.8404,-2.1311,-2.9554,-3.6426
-0.7554,3.7404,-1.9311,-5.1554,-3.8426
-2.1554,0.7404,-0.7311,-4.7554,-2.7426
-0.4554,0.8404,-1.5311,-6.1554,-4.0426
0.6446,0.7404,-1.0311,-5.5554,-3.9426
2.3446,1.4404,-0.1311,-7.1554,-3.3426
0.1446,0.2404,-1.3311,-8.6554,-3.5426
-1.1554,0.0404,0.5689,-8.7554,-1.2426
-2.4554,-1.5596,0.5689,-9.0554,0.7574
-0.8554,-2.1596,0.9689,-10.455,1.5574
2.0446,-1.6596,0.3689,-12.955,0.3574
1.7446,-2.6596,1.7689,-11.755,1.0574
3.1446,-2.4596,-0.4311,-11.755,-1.9426
-0.4554,-2.8596,-1.0311,-7.8554,-1.4426
0.6446,-2.2596,-0.8311,-8.0554,-2.2426
1.5446,-0.7596,-0.1311,-8.1554,-2.2426
1.8446,-1.3596,-0.8311,-7.0554,-0.7426
2.1446,-1.3596,-0.0311,-9.3554,0.8574
0.2446,-2.2596,1.3689,-10.055,1.6574
-0.4554,-4.5596,-0.2311,-9.1554,0.5574
-2.1554,-4.1596,-0.6311,-8.0554,0.4574
-0.1554,-3.1596,-0.5311,-7.9554,0.7574
0.6446,-2.8596,-0.7311,-7.3554,1.6574
3.2446,-0.8596,-0.0311,-9.8554,-1.0426
1.7446,-0.0596,-0.4311,-10.355,-0.9426
0.0446,-0.4596,-1.3311,-8.9554,-0.3426
0.5446,0.4404,-0.6311,-7.2554,0.6574
0.5446,-0.0596,-0.6311,-6.6554,2.5574
-0.1554,-1.6596,-1.2311,-8.2554,2.2574
2.1446,-2.6596,1.0689,-8.3554,3.4574
1.4446,-7.5596,0.3689,-8.8554,3.0574
0.9446,-7.0596,2.4689,-4.1554,6.3574
-1.6554,-9.5596,-0.6311,-2.1554,3.6574
-5.2554,-4.9596,-4.8311,-2.0554,-2.0426
-11.055,1.3404,-11.831,1.3446,-11.143
-21.555,15.74,-22.331,7.3446,-24.343
-33.155,37.84,-35.531,9.9446,-44.443
-39.555,60.24,-49.231,7.3446,-63.443
-45.655,78.34,-60.731,3.7446,-79.543
-49.755,88.84,-67.631,-2.3554,-89.543
-36.855,93.64,-59.231,-13.655,-78.243
-8.7554,85.14,-38.931,-28.955,-56.143
17.245,68.14,-18.731,-36.055,-32.043
32.245,44.24,-0.8311,-38.855,-8.5426
37.145,17.54,11.369,-33.155,8.9574
30.045,-5.5596,20.069,-23.455,19.357
18.645,-21.16,18.969,-12.855,23.257
9.4446,-28.56,16.669,-7.6554,24.757
7.8446,-28.86,17.569,-4.9554,26.657
4.8446,-30.06,17.069,-5.1554,26.957
5.6446,-29.96,16.969,-4.5554,25.857
6.5446,-27.66,15.769,-3.3554,24.157
5.2446,-27.16,14.169,-3.5554,23.157
4.5446,-27.56,13.469,-3.2554,19.957
4.3446,-26.96,14.869,-4.1554,19.757
5.2446,-24.06,12.569,-5.3554,18.557
5.2446,-22.96,12.469,-1.5554,19.057
4.7446,-21.36,10.869,3.0446,20.457
8.4446,-16.06,7.8689,-0.5554,19.157
17.645,-6.0596,3.9689,-0.7554,19.557
19.745,-1.5596,-2.8311,-1.5554,13.357
16.245,-2.8596,-4.6311,-3.5554,6.4574
2.0446,-13.56,2.2689,-5.8554,-0.2426
-14.555,-25.96,12.369,-8.3554,0.3574
-13.055,-24.36,12.369,-11.955,2.4574
-4.9554,-16.66,10.369,-10.855,6.2574
0.9446,-11.76,6.8689,-7.9554,5.7574
1.0446,-9.2596,6.0689,-8.9554,4.5574
-0.6554,-9.0596,5.3689,-7.3554,5.5574
0.1446,-8.3596,5.3689,-9.3554,3.2574
0.3446,-6.1596,6.1689,-9.0554,1.8574
-2.8554,-6.8596,4.9689,-8.0554,0.9574
-1.4554,-4.9596,3.7689,-7.8554,-0.6426
-1.0554,-1.6596,3.9689,-7.4554,-0.0426
0.2446,-3.8596,3.8689,-7.2554,0.7574
0.2446,-3.5596,2.8689,-5.8554,-1.7426
1.5446,-1.6596,3.3689,-5.6554,-3.5426
-0.6554,-2.2596,3.3689,-8.1554,-5.4426
-1.3554,-1.7596,2.8689,-9.4554,-6.0426
-1.3554,-1.2596,3.0689,-9.3554,-6.2426
-2.7554,-0.2596,5.6689,-10.155,-6.0426
1.4446,3.9404,3.6689,-7.9554,-8.0426
1.5446,5.5404,1.0689,-7.9554,-9.6426
1.4446,3.7404,0.8689,-7.4554,-8.3426
-0.0554,1.4404,2.1689,-8.5554,-7.7426
0.0446,1.4404,3.6689,-8.3554,-8.4426
-2.8554,-0.1596,3.0689,-8.3554,-8.0426
-3.8554,0.9404,2.1689,-6.4554,-6.2426
-3.9554,1.0404,3.1689,-6.9554,-6.9426
-3.7554,3.3404,1.7689,-7.1554,-8.3426
-2.0554,4.9404,-0.6311,-7.6554,-11.043
-1.8554,6.6404,0.0689,-6.3554,-9.7426
-4.3554,8.7404,-1.2311,-8.1554,-10.343
-2.0554,8.9404,0.0689,-6.2554,-9.4426
-1.5554,8.3404,-1.7311,-7.8554,-9.5426
-3.0554,7.2404,-1.8311,-7.2554,-7.0426
-4.0554,6.2404,-2.5311,-5.2554,-5.4426
-3.9554,6.7404,-0.8311,-4.3554,-4.5426
-4.1554,6.4404,-2.3311,-6.4554,-5.9426
-3.6554,6.8404,-3.6311,-6.8554,-6.9426
-1.7554,8.7404,-2.0311,-5.6554,-6.7426
-3.2554,7.9404,-4.0311,-5.9554,-7.6426
-4.8554,6.1404,-5.1311,-7.8554,-9.2426
-5.4554,5.9404,-4.6311,-5.7554,-7.7426
-4.3554,6.1404,-3.8311,-5.0554,-4.5426
-2.8554,4.8404,-2.3311,-3.8554,-2.3426
-3.8554,3.4404,-4.0311,-1.7554,-2.6426
-4.0554,3.4404,-4.0311,-2.5554,-2.0426
-1.7554,3.8404,-2.4311,-2.8554,-0.9426
-2.1554,4.7404,-4.1311,-4.9554,-0.8426
-1.1554,1.1404,-2.9311,-3.7554,0.8574
-1.1554,-1.5596,-2.1311,-1.8554,2.3574
0.7446,-1.2596,-1.5311,-0.7554,2.6574
1.9446,-1.4596,0.3689,-3.8554,2.9574
1.4446,-3.5596,1.1689,-3.9554,4.8574
2.4446,-4.6596,2.1689,-3.0554,5.5574
-0.2554,-6.7596,2.0689,-4.8554,6.9574
1.5446,-7.9596,5.7689,-4.7554,7.0574
2.7446,-8.3596,5.1689,-4.9554,5.6574
3.5446,-8.9596,2.2689,-6.7554,4.0574
5.3446,-6.0596,3.5689,-7.1554,4.2574
4.3446,-6.8596,1.0689,-8.5554,2.8574
3.9446,-7.3596,4.0689,-6.8554,4.6574
4.2446,-8.2596,4.6689,-6.1554,6.6574
2.9446,-7.1596,4.1689,-4.7554,8.3574
5.1446,-6.4596,3.7689,-6.9554,7.4574
3.5446,-5.0596,3.5689,-4.9554,7.1574
4.5446,-6.4596,2.7689,-4.7554,5.4574
4.4446,-6.6596,2.6689,-5.2554,5.3574
2.9446,-5.2596,3.6689,-5.3554,5.5574
3.3446,-5.0596,3.6689,-7.3554,4.6574
0.0446,-5.7596,2.7689,-5.4554,6.2574
1.9446,-3.2596,1.3689,-1.7554,5.4574
3.3446,-1.6596,1.1689,-1.9554,4.4574
3.8446,-1.2596,2.0689,-2.1554,4.5574
1.1446,-2.2596,0.7689,-2.9554,4.7574
2.6446,-1.2596,1.9689,-1.3554,7.6574
3.1446,-1.8596,2.3689,-2.8554,6.5574
1.4446,-4.2596,2.7689,-0.5554,7.7574
2.2446,-3.9596,2.8689,-0.9554,6.4574
1.2446,-3.5596,-0.3311,-4.1554,5.1574
0.6446,-2.0596,0.2689,-3.4554,5.6574
1.5446,0.3404,0.2689,-3.2554,4.3574
2.3446,1.6404,0.1689,-4.5554,2.0574
1.4446,-0.5596,0.6689,-4.2554,1.3574
0.4446,0.5404,0.6689,-2.7554,2.1574
1.1446,-0.1596,-0.6311,-1.9554,0.1574
0.4446,-3.5596,-0.3311,-1.3554,0.3574
0.2446,-4.7596,-1.9311,-0.3554,1.0574
-1.4554,-5.3596,-0.4311,0.8446,3.4574
-2.5554,-6.5596,2.1689,-1.0554,4.6574
-1.3554,-5.7596,2.3689,-2.3554,4.0574
-2.0554,-4.7596,3.4689,-1.1554,5.2574
-0.5554,-4.7596,1.9689,2.0446,4.6574
-0.9554,-5.5596,1.9689,2.9446,5.1574
-0.5554,-4.1596,0.3689,0.8446,2.4574
-1.2554,-4.7596,0.2689,0.8446,2.5574
-1.1554,-5.1596,-0.6311,-0.2554,1.4574
0.6446,-3.8596,-0.9311,0.6446,0.5574
0.2446,-3.3596,-1.1311,-0.5554,1.1574
-1.4554,-5.4596,0.3689,-1.4554,2.1574
-1.2554,-5.1596,0.9689,-0.6554,3.1574
-1.5554,-4.1596,0.3689,-1.8554,1.8574
-0.7554,-2.5596,1.4689,0.2446,2.9574
0.1446,-2.4596,1.1689,-0.4554,3.3574
-1.7554,-3.7596,0.6689,-2.1554,2.1574
-0.6554,-3.8596,2.1689,-0.4554,2.2574
-1.5554,-5.4596,0.9689,0.7446,2.1574
0.6446,-2.6596,1.4689,3.9446,3.8574
3.0446,2.1404,-3.2311,4.2446,3.8574
12.145,8.6404,-6.2311,4.8446,7.5574
16.845,11.24,-8.9311,6.2446,4.0574
13.345,10.74,-11.831,1.7446,-2.5426
1.5446,2.0404,-5.4311,-0.5554,-8.4426
-13.855,-12.86,3.3689,-3.0554,-9.9426
-16.655,-14.76,6.4689,-5.4554,-4.8426
