Instancia,Clase,tf0,tf1,tf2,tf3,tf4,tf5,tf6,tf7,tf8,tf9,tf10,tf11,tf12,tf13,tf14,tf15,tf16,tf17,tf18,tf19,tf20,tf21,tf22,tf23,tf24,tf25,tf26,tf27,tf28,tf29,tf30,tf31,tf32,tf33,tf34,tf35,tf36,tf37,tf38,tf39,tf40,tf41,tf42,tf43,tf44,tf45,tf46,tf47,tf48,tf49,tf50,tf51,tf52,tf53,tf54,tf55,tf56,tf57,tf58,tf59,tf60,tf61,tf62,tf63,tf64,tf65,tf66,tf67,tf68,tf69,tf70,tf71,tf72,tf73,tf74,tf75,tf76,tf77,tf78,tf79,tf80,tf81,tf82,tf83,tf84,tf85,tf86,tf87,tf88,tf89,tf90,tf91,tf92,tf93,tf94,tf95,tf96,tf97,tf98
0,2,0.020898785645140992,0.02385973258609561,0.018200207846564908,0.020416008495375563,0.03143674062220079,0.04526082513547151,0.08967633016373608,3.6303409130772204e-05,0.00043490673661464297,0.004351601901488946,0.0002518408592100944,5.020557775389398e-05,0.004865504274895718,0.0005624536788664453,0.0014925873891958187,0.01568773709799854,0.0034804710127072924,0.0006228058250814055,0.0004158086170708386,0.008808782136735046,0.013364817917806983,0.0016258733888384024,0.01569161953668237,0.008439933856084646,0.021720191870287262,0.04016990823456169,0.009209465208084572,0.016703028045154295,0.0008265510897660183,0.0014035705906455152,0.043611457442463836,0.004155227294357196,0.0003163047224302876,0.0003908988354574918,0.04187169746058448,0.00019173970070238795,0.0011568354468614783,0.0030641444629965335,0.005190147573602506,0.0065726343086630985,0.006687926231303262,0.005803668339805663,0.004971602441833677,0.004719925855245095,0.0045554711909976935,0.00421538837658683,0.004694132024622093,0.005652454457303328,0.005723580420430824,0.005585943558282073,0.006249346198848272,0.0066592665571517645,0.005914760049556645,0.0053336955994880315,0.005431213225211751,0.004904221397196453,0.00392055703318208,0.003365539329873686,0.003171437342767417,0.002645924463505869,0.0021205309545814207,0.0019348645062328019,0.0018328337495213233,0.0016137583858566247,0.0014925627230301987,0.0014451866434855949,0.0014012555348970664,0.0013761744687890048,0.0014055008017080002,0.0013423737460705016,0.0013521190501357065,0.0013269269984579747,0.0013351332504763953,0.0013412356451045194,0.0013375448519893432,0.001373001101932864,0.0013655980350282884,0.001333703465602138,0.001360956986421735,0.0013793902841999495,0.0013807160067468105,0.0013701467583659055,0.0013909206981895673,0.0014155354285118498,0.0014117523176433952,0.001418997192694598,0.0014219036775414582,0.001434865927755912,0.0014523172703498756,0.001452100820036265,0.001484358371062094,0.0014896218391183896,0.0014961917147856053,0.0014869684937176219,0.00148771816254322,0.0014915774202851149,0.001476440868542283,0.0014773868137374904,0.001470749149184224
1,3,0.10347623123197906,0.1007718233519404,0.1210941282203288,0.10983883175989438,0.09750282019910317,0.19271269837860097,0.2822069835678042,0.0014833829602676745,0.017583592210656925,0.0034895049808384773,0.0009540711019925361,0.001070348855694694,0.005907712234595052,0.016039745229391035,0.03042179467092881,0.3096451151291499,0.002368462861451497,0.0015054289209589413,0.0028124428679733846,0.04700555931057484,0.29185957932182754,0.010325766572502856,0.1341949338321552,0.12573438132211648,0.05151937365967635,0.03607677031014153,0.24262974540456664,0.07590551886213256,0.0019057048902741413,0.008190210547359885,0.20015842425083546,0.06198586838301389,0.008867484893650518,0.00560548766893493,0.19263802450378018,6.84710163324667e-05,0.00034689383427562387,0.0008292915709193102,0.0013944865385421606,0.001889118827150074,0.001984839123890686,0.0017697697919127461,0.0019722454387797557,0.0024563680917685554,0.0025052164909762495,0.002822091221930119,0.003957911712445259,0.004527089151947519,0.004329744276010189,0.004932198373297978,0.005578698283553354,0.004911463633339714,0.004304238962705952,0.004432374812138401,0.0039002060793188863,0.002818500669416939,0.002465280780373396,0.00227351032617729,0.0016725369218839289,0.001230523187144381,0.001176859321035652,0.0010447382136766223,0.0008508289796764331,0.0007868575041082538,0.0007913077599466541,0.0007618044171319782,0.0007343562666576772,0.0007475232213702887,0.0007646782876381549,0.0007587568948471006,0.0007692692438342291,0.0007725290020655205,0.0007870324881577932,0.0008017545532935098,0.0008132928289199525,0.0008304363687317319,0.0008367191197130866,0.0008481498555818626,0.0008605198747213024,0.0008736676763835043,0.0008868995526081724,0.0009015718151582652,0.0009150029262029395,0.0009306586329301938,0.0009473616355684846,0.0009621292281939074,0.0009706900220633142,0.0009869749462455373,0.001002935099687015,0.0010149757795196795,0.0010340622329678148,0.0010527023505608386,0.0010673079336552577,0.0010757329369775435,0.001087136891913442,0.0010968846934210996,0.001113550864970229,0.0011197841487300911,0.0011268876095250422
2,2,0.9719374696323886,1.0928653263570716,1.0001325186674965,0.9539984877622238,1.5082629749352512,0.08887542090981349,0.025695932659544188,3.2252581683917175e-05,0.0007305221323618303,0.06340618231611339,0.004169366423092776,0.0005225991897313127,0.07309677869908572,0.0018210270715631686,0.0013477720124373087,0.016279925765273078,0.050941326012393054,0.004761522816297698,0.0010633528436147204,0.06887636966505063,0.011117842173298883,0.008231745462548835,0.0775619950933928,0.04777760692905232,0.0035548511748600144,0.017174511788007826,0.010604671674546482,0.09601212041261055,0.00268082948901795,0.03729114379006045,0.013467246062103476,0.006147610792125974,0.0001317033116319225,0.0024754720052264116,0.030902419020563027,0.00019994505132992624,0.0010763764653704232,0.0027477752157495225,0.004623783989359782,0.005892652066790058,0.005945569579151053,0.005147243762930668,0.004765385766326033,0.0048524633246993035,0.004619741709926462,0.004731852294730731,0.005901370989999974,0.006640170438941528,0.006429028055127569,0.006981612608990859,0.007738115397344344,0.007167621211081881,0.006404948080287223,0.006349069146338184,0.005822490312441433,0.004664738540554757,0.004095012042747157,0.0037613190131054637,0.0031540165213139026,0.002632516581414829,0.0024441118062444164,0.002307197581410612,0.0021387042313384804,0.0020351377317142445,0.002036938302765337,0.0020410519878106925,0.0020131719930119307,0.0020460318164913388,0.0021140321126417384,0.0020997744391631637,0.0021329411479886116,0.0021417688788798283,0.002182157585134015,0.002214805778093643,0.002243287527272993,0.0022973590219529526,0.0023185100193180695,0.0023169788251884886,0.002363073863747671,0.002395123015694271,0.0024308544914713975,0.002461732280415941,0.0024985535910048316,0.002538853370452866,0.0025801886316562483,0.002611175793214816,0.002633194918856917,0.002668244264550546,0.0027166395360840056,0.0027535262175475235,0.002794825982752394,0.0028391263202295473,0.0028823600027176035,0.0028983666091871112,0.0029232869523722117,0.00295104021388016,0.0029881379623933795,0.002992381037300965,0.0030094420615143077
3,3,0.0883651481723561,0.10321106406877607,0.0689888800562488,0.09311317499259512,0.09535131335995617,0.12235165483865125,0.16689149653636343,7.328824174741276e-05,0.0013141964662327487,0.007343951324839027,0.0010788964049182155,0.0003885145995378984,0.01000212562199774,0.000485211950361126,0.009639346259730125,0.1000283592178347,0.002250598299169995,0.0007273900383021262,0.001418743674505719,0.011719208929680447,0.09634655633403204,0.0014804176628670273,0.011801860593939064,0.022711825455191865,0.01191159336965067,0.013052598945963854,0.016167919287503423,0.01838478498542231,0.0014957907875531734,0.009886526123897727,0.013628654510826002,0.0033224810046960595,0.00021322172198353208,0.004579194065989478,0.009636842075881467,0.000350849071138649,0.002036720802847442,0.005430847870275217,0.009225075674248278,0.011514354674809053,0.011438266191642371,0.009839779497057789,0.008267295262116866,0.0070224027193325645,0.005999667346503321,0.005495296347101411,0.005721723664065869,0.005691678845069421,0.005321122482254661,0.0056001369228407104,0.005746236242587432,0.005209305625057826,0.00488322031947498,0.0048782962552249235,0.004423987990193464,0.003818988501679625,0.0037671573092165904,0.0035340846833573194,0.0031276093381746367,0.0030099054396183753,0.0029771500899271877,0.0028628433037615466,0.0028102552887693507,0.002822889877860806,0.002831875180892206,0.0028091163412171443,0.002814096443655836,0.002879775801775427,0.0029650235421564515,0.002897017806006693,0.0029486563326140834,0.0029245682599983855,0.002964635036635103,0.0030080624154037853,0.003018460548580223,0.003085054425238294,0.0030921892734553096,0.003072823153169821,0.003118271285866928,0.003158281791120012,0.003193718971048958,0.0032036056175385134,0.003241231631110328,0.003299912934322137,0.0033301347011788786,0.0033560861200817153,0.0033706810228975328,0.0034156272595474513,0.0034621181201671576,0.00348090673985328,0.0035558260608724848,0.0035924449495052277,0.0036217495017085996,0.0036278199124989124,0.0036480137278838243,0.0036526634026916626,0.0036580906392017112,0.003674509926641877,0.003676225132585933
4,2,0.13048659101430024,0.18796636018367874,0.09750712972964734,0.13485561603462062,0.26654347782612864,0.07266399090909159,0.21289364583561132,0.000172211960341848,0.0021530344102173903,0.012915905893199256,0.000195935733570428,0.00022705622894889926,0.011025905835176108,0.004154624048782311,0.030748878925092253,0.3325506419846977,0.022126939777226805,0.008213529140406909,0.006784621939384899,0.13397240900123056,0.27470339209773004,0.004177968239118233,0.028598754275928697,0.1679654854410593,0.03043562962083021,0.012523223027037605,0.13085803873994342,0.06408827878098225,0.053208470573411194,0.2693325361941498,0.15558348408018577,0.0012042437590532988,0.0002030512319104065,0.008345573747751814,0.036583890944702074,5.0669073763395944e-05,0.00025202360610636826,0.0005330426302047671,0.0009243386666610051,0.001465715807770867,0.001675182189873395,0.0016103105639447598,0.0023063574579155997,0.00333318974874718,0.0035666165367974024,0.004351890272080303,0.006295211821763104,0.007079265815451895,0.006964344785197409,0.008106355258985117,0.008749227350684393,0.007585185327476313,0.006972319833776498,0.0068702109261613055,0.00554562804453562,0.004129762046746179,0.0036969208237717446,0.002903880925966563,0.0019016358640178352,0.0015034214051213566,0.0013112587620240045,0.0008880133103813283,0.0006771925277142918,0.0006511889234992365,0.0005687297445802443,0.0004927714434721449,0.0004825704588394859,0.0004879415734812317,0.0004735273390524238,0.0004722989169035368,0.00047981364056735984,0.00047346234661395,0.0004921787209761354,0.0004965747114963374,0.0004986798634040525,0.0005078755231618519,0.0005085341059746112,0.0005037411717543808,0.0005302744398777897,0.0005341416069058737,0.0005513844053379626,0.0005571785327869921,0.0005622978283917725,0.0005722749537683097,0.0005899169004382248,0.0005917697077773285,0.0005958123551358592,0.0006055952027787117,0.000618269100777054,0.0006308335255310193,0.0006365503137138306,0.0006365102412139215,0.0006546931571445112,0.0006560903366354053,0.0006661252515763667,0.0006542401187048667,0.0007327714897695596,0.0006948112049146246,0.0006912635882838599
5,3,1.4113980045737742,1.8209678443365567,1.3253445735512694,1.3892610014152746,2.8832633975410342,0.09957638316482399,1.0813769100826343,0.00018303720282275454,0.0012618374724639892,0.21134599336947765,0.009422294778865492,0.0004221849949085404,0.2235897023384829,0.015624892873113127,0.03699444819921687,0.4354453761625756,0.21812514819636616,0.03424437631719578,0.014987274367912326,0.5272913662292299,0.2800476888702211,0.04404552969314227,0.3585586085447496,0.5759086603717697,0.00390214759675714,0.058927316416818774,0.21460468346190995,0.552831475094801,0.012721841079156287,0.03573771817231275,1.7662081754012593,0.11599379878989959,0.004696951655682378,0.008656532706795126,1.7869197919463937,0.0009217667901344683,0.005272722075847247,0.014104400786475381,0.023931930656472093,0.02967390693654324,0.029365310695855736,0.02516719169294286,0.020504682136013017,0.016587387046296934,0.01386043517456764,0.012026046535877244,0.011270337055103732,0.010922112529045073,0.010254846931216501,0.010080006035975735,0.010089038966485112,0.009840501305203538,0.00938141208131215,0.00916186026225346,0.009036176698737713,0.008583247378236222,0.008423627336288014,0.008210480456393809,0.008016357840663015,0.007899533563011398,0.00769321025410796,0.007733641219009985,0.00783057348085568,0.007772375421897154,0.00781823692465247,0.007918789451491114,0.007935041098627913,0.008074575421216324,0.00835867937082967,0.008241227234956957,0.00836936688772855,0.008317434937557806,0.008462856114020433,0.008601708470551934,0.00864401816217725,0.008834587971724069,0.008883180392182177,0.008848429711103953,0.008984920555222254,0.009096941404367166,0.009206900383260188,0.009268780208740265,0.009386864361568721,0.009549411289853862,0.009654133743817754,0.009742645977710285,0.009794429476054804,0.00993175682959924,0.010085500872240466,0.010148262334448132,0.010344206570120088,0.010497016240938364,0.010605121232507519,0.01062168453309512,0.010679131279928126,0.010762161524410473,0.010757794912248462,0.010806809751877595,0.01083498842091259
6,2,0.8561390399392615,0.8738148332276099,0.5517099126390697,0.8603481926452465,0.5085488292182686,2.9350924429648315,4.643170006875594,0.005650316482401919,0.08245951452090898,0.19005122227678045,0.029863658012150674,0.011447996597488807,0.31507371783719207,0.02947699829200498,0.1612465196093093,1.6182827150677392,0.09077305924776832,0.0007265169723281674,0.008351859945853796,0.037331589545540673,1.691615791798105,0.028709594888110392,0.4216576720293504,0.5114069336183,0.04572677410403398,0.005568974241021015,0.7334640946375688,0.22333025178924532,0.006132464929828651,0.007522412145183151,0.03740596272772722,0.05769623758006683,0.002922090093243376,0.1052993845679355,0.009136730722006532,0.00145060537076175,0.008313700119476426,0.022115986993813126,0.037440919713835244,0.04645683379189338,0.04591614871831824,0.03934859868276756,0.032619944134751354,0.027090479114491035,0.02290563186700663,0.020745939672135415,0.020795277748032616,0.020302869245450817,0.01918036258421156,0.019983355368214818,0.020062854688611263,0.018489982491007768,0.017849782005409605,0.017748569104132722,0.01623343326704393,0.014667125569482214,0.014763659527655567,0.013980428782153376,0.012764071034015497,0.012559197510395588,0.012426569879810504,0.01214909097210212,0.01208179935067867,0.012099433676724811,0.012179650148845953,0.012227947275240268,0.012233175997552193,0.012510776992714905,0.012935969376548059,0.0126976246037086,0.01290786812222642,0.012876359315801299,0.013085356112580725,0.013252621407014513,0.013349209971277774,0.013669578421199102,0.01369689877601368,0.013633182536328434,0.013892730075520207,0.014054096549504243,0.014207306135309208,0.01432534076120233,0.014512348785752667,0.014733054719826794,0.014914725105971902,0.015080590795548576,0.015130349920357906,0.015317630508645536,0.015596964371372457,0.01571780078579503,0.0159728465494743,0.016203466507009125,0.016415141351121678,0.016414599808671222,0.01648545457136466,0.01661666933510126,0.016696927411575926,0.016687734787151236,0.0167358287282034
7,3,2.9621098834087407,3.0924762832202934,3.2524963999916574,2.9141403714154395,3.983492195979907,0.8376803502446104,0.30828000970172625,0.001215962020801794,0.01962542274706797,0.1318851924874676,0.015316992525653177,0.00467785537333409,0.18168726727998286,0.005402833663841103,0.047898815894193605,0.4537554777267043,0.11519643035375667,0.0035306282348520775,0.003991605666238092,0.061267254141681264,0.5125213701446218,0.037799224144783664,0.40105542495943114,0.11489496797715582,0.49446232126146483,0.9116123047909744,0.1979271796021416,0.3517727691110223,0.007188529770530362,0.21905626812349996,0.7540086708358126,0.07389850995491479,0.004446799960138632,0.004144295707154584,1.038942994610667,0.0015586877367792622,0.008885304867845738,0.02336765665520183,0.03976861700266109,0.04958670431632551,0.048785284752143686,0.04329556367765018,0.03835279806894956,0.03233477984757371,0.030271664614614772,0.032014473464670526,0.030694275365795286,0.030520974279085043,0.03290959092849736,0.030583490211173386,0.027605828277472613,0.027545877437740496,0.024026244420405376,0.020084208395745245,0.01908848121680374,0.0166758606858964,0.014660329417402827,0.01381234734891024,0.012983165725848522,0.012267643963879499,0.011884793313506382,0.011818442155607468,0.011852174094344074,0.011723997475819288,0.011800912534672687,0.011936073261574929,0.01186705475634776,0.012140394611259934,0.012579429089798415,0.012277908782817048,0.012483169182836526,0.012460576858011989,0.012601267828729099,0.012759821976014357,0.01288938370303497,0.013162017679954478,0.013192136532530575,0.013194501984931512,0.013343063492656383,0.013486788629560546,0.013672730173929063,0.013730391279725425,0.013850549906934882,0.014149177983866456,0.014281831573578173,0.014370121429519338,0.014473960022785459,0.014710446362263855,0.014848121244727059,0.014966704335374876,0.015312104276518166,0.015411571411606075,0.01559734280609696,0.015651629659070236,0.015641476606023656,0.015779530789101617,0.016013019229648526,0.015830007621488635,0.015776409414484747
8,2,0.8705496623646211,1.0256577141517567,0.7404572055848542,0.8650034406705539,1.2242719584537647,0.24726157995146758,0.09945817785215284,0.000738409659481221,0.008880074544952524,0.011538634318088317,0.000261803096514153,0.0006230629633342858,0.007464137048179964,0.011623122352633485,0.044914577255048126,0.47703102908909784,0.017094853108904465,0.007957459594810841,0.007799563467010326,0.14987850552395893,0.41009269745163535,0.0009275046031256078,0.005769469654019614,0.2366554504828512,0.04502330923974859,0.015526589108953106,0.23543547432413361,0.021072188400811518,0.010010428766906753,0.049867193919565685,0.020211538210475475,0.010501834555045686,0.0002671927571532724,0.018291196097657662,0.02642284242901196,0.0003449412003739865,0.0019131914047378698,0.004971690421359206,0.008332362400433023,0.010370232503461783,0.01027584917949744,0.00880788094826297,0.007595289395636818,0.006879859097010783,0.006228845696363854,0.006086867730345766,0.006801253648442257,0.0072209912594538295,0.007150415470381752,0.007664061419114557,0.007962598058765296,0.00746931640884731,0.0071460780417919485,0.006938612917026797,0.006160565480360417,0.005368765302381603,0.005107228930725757,0.004536272802003238,0.003869894246954942,0.0036136530278026765,0.003436548722155905,0.003164650411651637,0.003033121256099254,0.0030044647565303354,0.0029725035314907863,0.0029357909042534115,0.0029237002497098834,0.0029916932865467513,0.003083580388769289,0.0030361523369206327,0.003085424123580458,0.003084393759338547,0.0031433661279150807,0.003189153985252237,0.003214160582454045,0.0032929749549996676,0.003317013404996693,0.0033115908359662213,0.003364946929591739,0.003413658925039425,0.0034674722506452867,0.003496309643231425,0.0035374037324163135,0.003603881542598782,0.0036598949079801432,0.0036935241558170287,0.0037171586146722427,0.0037749178228523896,0.003840172324998084,0.0038719780862695283,0.003945236189278942,0.004013609969299364,0.004055371259659378,0.004068841840787269,0.004099160184961783,0.0041465516862065396,0.004157129123170763,0.0041673903527572435,0.004184432527020748
9,3,0.10021303987493754,0.11200772919669685,0.1407821491087853,0.09991437602714863,0.18853539598778454,0.8308772107355321,1.759538717402833,0.0030173956904145463,0.036618749483767886,0.029847026808353667,0.0008642122511951418,0.002890221430061578,0.01502638275398771,0.04507567303306207,0.1777180214026891,1.8536308021165084,0.037971279115409824,0.028006089024895608,0.03281985050081249,0.4998290637413099,1.6334366920344765,0.0008504780613358579,0.012238415428101999,0.5967812816384499,0.4812743783643863,0.4267733909537785,0.8763470689212404,0.031343208247735954,0.0006127704267285012,0.005520741463639172,0.1790055430530192,0.04882260674991133,0.01020444003574911,0.002555297891570023,0.20915014671206794,0.005261271825500787,0.03069051019330185,0.08218023413540326,0.13901259485490575,0.17151949387764903,0.1689194627096957,0.14416194477594924,0.1164357085491963,0.09267004137440915,0.0763779614887149,0.06524014780378692,0.059679975394327095,0.056427869271141726,0.05246695694728373,0.05114407009599087,0.04998581529443318,0.048508344906862774,0.046872541945412974,0.04577841920038741,0.04479445734985779,0.04300567820123878,0.043231016853855865,0.04216829003638986,0.04101673959572959,0.040877190767966934,0.04023239994711771,0.04038538698237942,0.04080480147080521,0.040649370902874606,0.04094632544762378,0.04119665635390382,0.04119942465059166,0.04200741223869549,0.04354164350888387,0.0425815912921694,0.04321727991599885,0.0428699844071852,0.04352807617366482,0.04415856592149783,0.044285679797792445,0.045289507047236076,0.04541871038740869,0.04511485380035843,0.045770553787042964,0.04632375131758423,0.04683545155642038,0.047023109775866455,0.04754585019145276,0.04836472179872717,0.048862556801047244,0.0492592822564814,0.04936386848142564,0.05002969114589373,0.050883909544506306,0.05107830154819008,0.052023234224359456,0.05276624457043933,0.05326743785885767,0.05315685683425177,0.053351110236709395,0.05381276214898277,0.0536159166227998,0.05369295880183525,0.05378032720927904
10,2,0.0770495084535422,0.09399012946432356,0.06888002591569754,0.07727456900849528,0.1319250929559759,0.1196551686768478,0.2556958374528042,3.0900536350543384e-05,0.0003832721196654488,0.01456197338455018,0.0006069233599190101,4.984271620247278e-05,0.015684500591287683,0.0010734808835491006,0.0044197865393758974,0.045826278920882556,0.008103056721730685,0.002418572979466012,0.001996190557993496,0.028679659529406445,0.03679607998148634,0.0007184306958425997,0.006166624010864407,0.015171798808410599,0.12463487226601067,0.22399836407718896,0.0296552785215164,0.009008209693312976,0.005025221461182397,0.06897309737134097,0.02600090943502319,0.0010557802847051866,0.00010121264609466456,0.002449552226929262,0.06314035096786283,5.7305713854207186e-05,0.0003134817204101362,0.0007733069304551065,0.0012939870849326927,0.0016984270969295431,0.001744745480452211,0.0015308626519433405,0.0015947589978912496,0.0018537440923775536,0.0018400850958877092,0.0020245599686515865,0.0027745624924751045,0.0031316197202339753,0.002988821795041707,0.0033884944384468376,0.0037848103039743865,0.0033320370920305337,0.002939234377917577,0.002975831642042407,0.0025757065955811197,0.0018926029761308673,0.0016718608191662737,0.0014667148896455725,0.00104859147207415,0.0008072828666054613,0.0007669268724731603,0.0006315120381352453,0.0005064119763547002,0.00048699696733023063,0.00047838574423175555,0.0004389896067315646,0.0004249980717991671,0.00043607697631099047,0.0004405178033916312,0.00042826494127917963,0.0004369073255218579,0.0004319912479058434,0.0004370198336461423,0.00044672446711881765,0.0004493402292512831,0.00045528569622187566,0.0004556256287856005,0.0004646723049013253,0.0004683000804312622,0.00047163970375474766,0.00048000583176814506,0.0004866391197227055,0.0004889945152753341,0.0004971130817394822,0.0005075397654450118,0.0005135328959749092,0.0005117397350989064,0.0005230095352916008,0.0005330309796714439,0.0005320480934488157,0.0005432936545702277,0.0005545401141467722,0.0005603701527405121,0.0005573454250044261,0.0005619603899369834,0.0005673288422646758,0.0005699262851317787,0.0005716994144508491,0.0005731478248317889
11,3,0.1404104801356715,0.1504740692446563,0.10966231814505116,0.14830277396195363,0.10880312225038673,0.303673935675407,0.425794327624794,9.445487323711868e-05,0.001717600503787049,0.010837673400757765,0.0014823075724265883,0.00046485570525205155,0.015027710060204643,0.0003637917178246726,0.008660100174545738,0.09029000765197133,0.002557637383996437,0.00024946057909573004,0.0008397076199873886,0.005476392262946643,0.08971595211757326,0.0019163503714621473,0.015734113273168083,0.02751872882268732,0.00254652367131638,0.009297738739783023,0.012228336826922084,0.021048045363617863,0.001195544308220029,0.03133137445708176,0.030804443843301145,0.003366679104731607,0.00017878941804501551,0.0007510644256801234,0.051366820774888355,0.00021730395977530498,0.0012800117032170427,0.0034210081156146755,0.0057787987605906295,0.00715522568255725,0.00710193864333612,0.006084843144695757,0.004926940916732397,0.00405436356797265,0.003537803396576076,0.0030715789023966038,0.0028714747783662245,0.003020770468319503,0.0030696726758649897,0.002922234176563284,0.0028987830707733917,0.003134660930284069,0.0030932727737249463,0.0027614601403534614,0.0026701801212930826,0.0027079521995602438,0.0025436852248230894,0.002175535871564177,0.0020565720483683553,0.002055408333174205,0.0018787189392643743,0.001708590480144316,0.0016958884594074023,0.001689663913693525,0.0016364286483343147,0.0015807864830268182,0.0015768694728301965,0.0016108176101177342,0.00165307653142356,0.0015929331783111943,0.0016158996918689994,0.0015963631782451321,0.0016140961300240074,0.0016345661185180264,0.0016349817484368643,0.0016705158954379651,0.0016667770043435528,0.0016540056541585265,0.001677469362799987,0.0016957188552325436,0.0017083965330351105,0.001709688386681485,0.0017280733942633998,0.001757886876658525,0.001770014424532832,0.001782167591674644,0.001781234252186907,0.0018043081251345875,0.001836343234696951,0.0018355708862867514,0.0018703220274423045,0.0018939299445542843,0.0019085103245927884,0.0018973217574543215,0.0018991090847423177,0.001916843589845665,0.0019028944965882185,0.0018996055587183023,0.0018972281019222813
12,2,0.09603815672720527,0.08976226569477286,0.1322209189040887,0.09922890707720511,0.10554551350200252,0.11634653971788424,0.16209494767509278,0.0016718133130129524,0.021695382195898262,0.01165789876990164,0.0032081691069813295,0.0020222273360717036,0.02542395368779572,0.014472300479054699,0.04503437522856609,0.4577103147021421,0.006921861044418076,0.0014944315939398238,0.0038212641452775786,0.04701994111536131,0.4455283737510971,0.008082388936443379,0.11277172948790208,0.15654127756585698,0.04887164238014866,0.027533345220788624,0.2578756655610809,0.0576228611192276,0.003930538476371371,0.019306758727878848,0.26815677308083097,0.024253990838394728,0.004289639697799314,0.006935702032230361,0.21884157428847478,0.00037089392904656306,0.0020346052676460374,0.005229212030243112,0.00885689403242361,0.01132278063005214,0.01139854038784635,0.009918904057658507,0.009337155958586911,0.00936772742814992,0.008633081209211843,0.00905016751835382,0.011465858579613089,0.01218287327003103,0.011430764000231255,0.013054930324262326,0.014202098838861428,0.012124352127385916,0.010923004953085664,0.011352025336415595,0.009727192017957484,0.007251343041957499,0.006858472042917511,0.006325166928090561,0.0048343341285358166,0.00414675266193343,0.004147029926394721,0.0037615852757266967,0.003417334349610844,0.003433381596500062,0.0034641391804530334,0.003385189910909355,0.0033618500191711837,0.0034721401107148725,0.0035717559821492367,0.003520221528400569,0.003581181929261072,0.0035888559206981177,0.003656883151966014,0.003708521786277766,0.003745741858680832,0.003833566912641234,0.0038456003222524446,0.0038591065342973327,0.003930474986232767,0.0039793304944892825,0.0040352960980305184,0.004087722028642844,0.004137947418391106,0.004201278004194612,0.00427402061522589,0.004332822167944131,0.004346505172942057,0.004415744591672615,0.004492145594111173,0.004529209489901965,0.004609107913748986,0.004687473359358274,0.004758192477374395,0.004762257613273483,0.004801177902594847,0.0048293577365560595,0.004879109606515384,0.004893021266432341,0.0049232224655913195
13,3,2.2584957969201938,2.3784193094713264,2.3104369989796596,2.2765648485917143,2.6828331770682783,1.2644327492460032,0.8701621294666365,0.0003696271533773232,0.005095312274896315,0.022339960098788046,0.0021333446736556236,0.0005823731465699551,0.032510525035755994,0.0016686641629541942,0.004359497523395694,0.04344259313532092,0.022997226921567252,0.0021736653265638567,0.0007100444174757036,0.02526625370857812,0.045510193849739825,0.010113229298658828,0.1131664333818478,0.016255424375198422,0.0072329612788874335,0.007983596585924511,0.0317166195641519,0.10374023042803944,0.0010973449577284706,0.05334281033234035,0.08078604408181203,0.016205671857279152,0.002002299779063999,0.0013992139239420802,0.14204917327099645,0.002571188014390131,0.015080787638732747,0.04039016258187976,0.06846161063671785,0.08480105493983198,0.08375165970327676,0.07170727880089765,0.058707157841387414,0.0476735058207699,0.03970160161467959,0.03484150563706429,0.033479455485668295,0.03205267091967715,0.029822935427374943,0.03015972569102625,0.02993703269657741,0.02803090277311371,0.026791501021049,0.026379293390735404,0.024963226362259346,0.023038673406501425,0.02292184060536759,0.021954941664998708,0.020809638531385986,0.020495390720887727,0.020027668837333798,0.019885530668276013,0.020021741058714883,0.019866513673654634,0.01991135121336169,0.020036845140818126,0.020040592574225146,0.02035815083531415,0.02107859905024664,0.020638752706616713,0.020920769717340373,0.020694404508527352,0.021041329912123027,0.0213527442262501,0.02136596122801486,0.021843327084857672,0.021912655046378023,0.021732519943515285,0.02204856580397283,0.022319057530164863,0.02256658883929126,0.02262587307561487,0.0228783340112144,0.02327649996441366,0.023494166262323153,0.02367467980671804,0.023727643485753687,0.024028175164439614,0.02442484840162197,0.02453239260698433,0.024985834224895725,0.025287383734351486,0.025537189410735475,0.025492682374273372,0.025564631222359684,0.025728531105031757,0.025724810103992433,0.025719358224376994,0.02571459296490271
14,2,0.06565114187622818,0.05319201477908012,0.045957419703717826,0.07150706574748696,0.06776326980440663,1.2798647864302037,2.6643359026304565,0.00018291830725765992,0.004252446437011463,0.1363804185792961,0.010155049189520371,0.0014991199722956257,0.16454184422466936,0.0016215603029722347,0.005414710241863604,0.05675568067939737,0.048513213935083156,0.0048014466856148895,0.001689898957337482,0.03516241769379151,0.07058555843083915,0.0005783317436769884,0.007142592619364667,0.059035063611687075,0.3749372889775306,0.8108056587368813,0.019067160069696863,0.005991232780582008,0.0018984558575977169,0.00486603743484423,0.15183264370848376,0.02252876395388971,0.0038696914754358506,0.04554288208741037,0.13727853077194666,1.5418659598987595e-05,6.508921206515114e-05,9.970758528534654e-05,0.00017003064302069235,0.00036830185350398474,0.0004945004694320583,0.0005062269270389383,0.0008705893145077121,0.001469142547780293,0.0016818608164931562,0.0020267184679792693,0.0029941131820905944,0.0035661625321790997,0.0035263750384389213,0.003991815408505168,0.00449577862749521,0.004078021349128919,0.003620991675356443,0.003578080621630476,0.003120542407411056,0.002341259251782609,0.0019624187913418784,0.0016373256394761223,0.0011665003152574623,0.000841749624772502,0.000702525723466497,0.0005082398225114272,0.0003665693118370736,0.0003194648817486721,0.0002760598305836029,0.00022402738794835092,0.00020732093549403203,0.00021044804235524574,0.00020038041561156172,0.00019331184026512483,0.00019630539202270314,0.00020002604004877063,0.00020413110640680733,0.00020488569601300025,0.00020873978395228384,0.00021418937493929323,0.00021540968468195345,0.00022042898398243158,0.00022655114937468647,0.0002302709784189435,0.00023528924066250099,0.00024114362179274276,0.00024506902281654547,0.0002488817298872939,0.000255841595994446,0.00026155176173032834,0.00026365688445682616,0.0002692224621627855,0.0002737228983022647,0.00027820029712928275,0.000283452302864428,0.00028770490640860123,0.00029394293895598723,0.00029700682893366227,0.0003019523587578314,0.00030149388036114836,0.00032151688943388965,0.0003169318634665744,0.00031930267319487115
15,3,3.4180018442656084,3.9343025290674585,3.2771500825785824,3.422186022405628,5.002768978815299,0.6083456064762087,0.06810219845352959,9.587221233021752e-05,0.0009481672039099523,0.11148909438677701,0.0046072314063725535,0.00019324195420924843,0.120256037733419,0.0071564175147909624,0.02891557833862947,0.3330541371485214,0.1236244057872736,0.023067334769621584,0.011812020345199724,0.33287108781862257,0.2274608374673977,0.03703642911479868,0.32391899131322244,0.28141079681264586,0.015116423949012506,0.0030528381607330406,0.10529816984595644,0.4503312767421903,0.0008018486862735736,0.04589500986927952,0.21947289801670572,0.03397359383954285,0.0010451730864689682,0.001594778048957931,0.2644507030759378,3.865107131846194e-05,0.00018223812104316932,0.000378891494368263,0.0006502053962898816,0.0010284104153012639,0.001170152927108344,0.0011162919110663527,0.0016188850871421425,0.0023662892792237593,0.0025222287878331473,0.0030836238876400753,0.00452050146613682,0.005091049081706755,0.004940036042792475,0.00579397257603055,0.006371926794545119,0.005463791556671892,0.004917320951467559,0.004982537334350114,0.0041217807257546745,0.0029544365475536296,0.002615898601602904,0.0022012698509945956,0.0014745682708727818,0.0010920628446457058,0.0009948249340458262,0.0007507286194238655,0.0005689902519340219,0.0005352187664166686,0.0005020863885094246,0.0004521814586024304,0.0004390092657093958,0.0004502441950511168,0.0004463310242245645,0.00044403363780945156,0.00045339609781077153,0.00045596507829744114,0.00046707080773540426,0.0004735517801068223,0.0004814245796776077,0.0004917819663022001,0.0004937616378935066,0.0004994763469789818,0.0005135252616082682,0.0005208821037267458,0.0005314120454937096,0.0005402644198637719,0.0005482580790104323,0.0005578152951988358,0.0005699518064657031,0.0005779653860853112,0.0005840817376782993,0.0005938294981062164,0.0006038676865530576,0.0006127652853020161,0.0006237233079001126,0.0006334492125815651,0.0006430049683143388,0.0006500430195034771,0.0006586762430705196,0.0006692044244012462,0.0006871704562252938,0.0006872370512190988,0.0006876922901142362
16,2,2.4847860046127375,3.0026031126636847,2.2648335303108635,2.4491976368406903,4.118087939060996,0.15088665776610072,0.21825575293498642,0.0008121179999286582,0.007714273222290902,0.140773874846043,0.0042350135292335235,0.00013448814573120422,0.1317212670683998,0.02615586828770585,0.07006399213823081,0.7929058266562463,0.16729008291315334,0.03152764872209773,0.016730564903342366,0.5605898646225866,0.5850517153863177,0.023590732897392882,0.16957216962052418,0.7704762458731527,0.007701215735571408,0.10961647870947104,0.36258395474118077,0.33480268188064805,0.004717096468331009,0.004668501394765889,0.11896462810239032,0.0026732334051987627,0.003999514869309001,0.009895611435951215,0.09524778883019776,9.032889896264467e-05,0.0005174331410376412,0.0013231318873234508,0.0022445416980721757,0.0029244359466988105,0.002999274667218275,0.0026334771654268384,0.0025766064508152397,0.0027628191235514357,0.0026706702629200885,0.002857424011466066,0.0037285847188913493,0.00412342959133484,0.00399710070307966,0.004508372984008628,0.004902868802866087,0.004367392733292857,0.003958661128893042,0.003927708858710575,0.003390014522249114,0.0026124556095176305,0.002313565463267154,0.0019764696594994162,0.0014996021669970135,0.0012127281931630192,0.0010884435244640782,0.000913163788204791,0.0007926874407904311,0.000741389302566737,0.0007009855286953473,0.0006554704915376322,0.0006411154624612722,0.0006419833361965612,0.0006472294117574466,0.000624035820587506,0.000629520133163709,0.0006097477777777411,0.0006202438912417047,0.0006324784648491466,0.0006199708281421916,0.0006260639020733737,0.0006353649131529203,0.0006288165368290807,0.0006262827472544755,0.0006319878442662599,0.0006498246489005536,0.0006420178065896982,0.0006373238967872176,0.0006549816368575072,0.000664711658101366,0.0006566775229350663,0.0006540841742483748,0.0006687495573626096,0.000679063797026426,0.000670502313826457,0.0006877382931414573,0.0006945118502883927,0.0006894330017035821,0.0006845427452445369,0.0006931275729706066,0.0007005168994550279,0.0006993732997821822,0.0006906700679230515,0.0006874465054728864
17,3,0.9537144330136552,1.1966478389993567,0.805582470926438,0.973085776104514,1.5047160286182188,0.11512428348686485,0.02700786668833873,0.00026567863315945346,0.0034163852217112822,0.026350476911638263,0.00040326603300110554,0.0003531509882245815,0.02384615905111341,0.006913354816664155,0.054994656898890264,0.600274011157861,0.04880125453287318,0.016945837774037964,0.013431781109894089,0.2636444564640235,0.48819709966586033,0.020875084302448832,0.1686861019288956,0.2853647059028362,0.03951458591397878,0.009183733895137717,0.1547514821258145,0.2720272740560903,0.0012870250276606101,0.002375640934819844,0.06806337237709202,0.0014103850225083297,0.000916957992221282,0.0036105987808596226,0.05207013722945782,0.0011419130425209334,0.006480783343696964,0.0172008655619778,0.0289681665234895,0.035653879256169536,0.035016056327671505,0.02981356583314947,0.0241829066355541,0.01944305956202177,0.016130818379281202,0.014070219809309443,0.013286980100045975,0.012720266569462974,0.011905324150318995,0.011941986743695825,0.011887697411387819,0.011330867181543997,0.010929549055500568,0.010842211324313481,0.010455560591752741,0.009828779313493921,0.00986292878669043,0.009621326507446992,0.009218006127715356,0.009127088354989684,0.00900552517609124,0.009007839842864419,0.009056950870181052,0.00902176665709911,0.009105729667606251,0.009198215879459718,0.009190974012358084,0.009367824691211777,0.009717438055058496,0.009561732066858064,0.009707943018647356,0.009655943732410539,0.00982232907841151,0.009972100777890626,0.010028592297443881,0.01026237593243391,0.010305069975388454,0.010261130219524786,0.010430890250984523,0.010559658889964466,0.010689599851645607,0.010764772820979493,0.010894517531311737,0.011079415238681067,0.011218355522653654,0.011323347531657108,0.011370876976009758,0.011528052417199968,0.011725000319930958,0.01180202661469393,0.012019796137231878,0.012203094438203018,0.012335397275538843,0.012337055667198725,0.012402390525221029,0.012500902909857333,0.012510636072580232,0.012534866611609711,0.012576208711581048
18,2,0.15468608284873572,0.1563799736719342,0.14306984138659629,0.1519344643649305,0.15519405773764816,0.20971348781496965,0.27014176398925493,0.00013587685892772018,0.0017555525108779015,0.004938018012429858,0.0004556192406935749,0.00015247986387724555,0.006820392643225403,0.0011563169373806654,0.003076240959715155,0.03257222659519951,0.0044950634950455945,0.0006838744639740487,0.0004189605451533142,0.010893797026699506,0.029723347196520835,0.0015487980550133711,0.017589453157587934,0.024623672246138165,0.0024620467379766866,0.009022034245101656,0.019134301219642158,0.01646670234181898,0.001744511858787829,0.037421847934861294,0.11808869692656493,0.006267955938727584,0.0005249439929472468,0.021725503609114714,0.1323871273448762,0.00036638933502992677,0.0021693329694065905,0.0056838281545608165,0.009716759847636201,0.012532921236876231,0.01277382517720301,0.011217647595413648,0.010463352103221439,0.010447523967892799,0.009827911963330146,0.010125187692246537,0.012426544227790328,0.013476926095979537,0.013147934990238482,0.014434581685536272,0.01526756648636524,0.013887065600085223,0.01277651973510899,0.01220884382550673,0.010540139875753439,0.00862183892440567,0.007633675120999924,0.006275672958365867,0.005053365499418943,0.004398791438049949,0.003826920063674968,0.0032681572323634165,0.003073981014476334,0.00291025634504432,0.0027317738046983933,0.0026398438969907193,0.002624293890952448,0.0026278406628436664,0.002670785868094711,0.0025752464934326227,0.002603770859578145,0.0025530173397619966,0.002591852443000511,0.002603285050626074,0.002584646907681377,0.002646509084065824,0.0026329421455726205,0.002568851256993133,0.0026348014254416624,0.0026589801935972927,0.002679286239551828,0.002662659296811343,0.0026900362774371746,0.0027303536669580847,0.002741555932515026,0.0027528809345326397,0.002745900385005809,0.0027645470752733783,0.0028152243054705844,0.0028192449924878114,0.002862289851652676,0.002868449109535965,0.0028951360540595186,0.002871605934557415,0.0028666752606708056,0.002887890405143277,0.0029226981678068826,0.002869184173241328,0.0028428336126632495
19,3,0.2516927315307837,0.3382534834636782,0.2353129381801781,0.23336464803843632,0.6591720541788916,0.38093396487046244,1.230307297028195,0.0004618421050875401,0.0038846435526837925,0.10985708976003576,0.005308363666298211,0.0003709975631007913,0.10941358382297349,0.014890455226159633,0.013670591520931741,0.14930284310768352,0.06780459701714779,0.009682632055535064,0.004689379165238734,0.15596032773548893,0.10940248643125079,0.0015715277625144564,0.011160793108808773,0.12857139563530606,0.05599307059968061,0.04582761522699846,0.14958958290073202,0.029533526179380744,0.014001151875071062,0.20593382406235522,0.02906654761394937,0.006232075095183333,0.00017241383932309418,0.0027022663817351557,0.07752192187102447,0.000271831223919163,0.0016084312637491683,0.0042402331936634225,0.007230969248563613,0.009226501551070902,0.009322800951257655,0.008122465810209723,0.00734975034106662,0.007043549007138942,0.006451919523402661,0.006470571041596259,0.007748682915931857,0.008257933711072241,0.007906706549374032,0.008704456365771326,0.00927044045647776,0.008282282555462579,0.007569119975448082,0.007491713178145197,0.0065266645695840255,0.005192040966422269,0.004761957997498576,0.004185336692229398,0.0033443790841202123,0.0028975215098272344,0.002722156630219823,0.00244132377344803,0.002246004093580851,0.0021738411926617153,0.0021336444529263037,0.002069016097202819,0.002046827597469404,0.0020749497996990587,0.0021207642275940923,0.0020550254938106315,0.002090562096850888,0.0020578830719034354,0.00208088563999334,0.002108028118846895,0.002106472831257947,0.002148270593626835,0.0021475051959349532,0.0021253125018137102,0.002157414212892609,0.002179814004233268,0.0022070001373140392,0.002203801328779103,0.0022218441985479686,0.0022631039610144896,0.0022819885664855733,0.002291156720925529,0.0022920804128241023,0.0023227933964369597,0.002357636645318617,0.0023595225397119416,0.0024087815774422065,0.0024281523327290898,0.0024427089740212526,0.0024359144298046467,0.0024451041425486296,0.0024564423001179345,0.0024667280214772445,0.0024555577765301142,0.0024421601600429
20,2,1.4879268077208199,1.7359347293433367,1.415037983853608,1.520442548057975,2.13634371138009,0.32868261035118085,0.0710651556519706,8.210177550656686e-05,0.0010932758682387215,0.03841643462621887,0.0017900960999042512,0.00014966722053922697,0.04686707184768832,0.000514169477180615,0.01369273924687169,0.16760096096749605,0.07265381428221544,0.012649441033374183,0.005498453529136824,0.18105420708359674,0.10940674600918555,0.04949924490405116,0.45174064334356906,0.22357400952374995,0.039135772663821046,0.16989919611318666,0.013913968707453263,0.5430547512347892,0.010511525896698098,0.004719024047451747,0.7213864982485665,0.10231638694512024,0.005898832003562351,0.001914760464717623,0.7134883830723809,0.000528993395510742,0.003008991839089279,0.007934410676098687,0.013324431122074272,0.016440442703846366,0.01618519589128375,0.013785061868527647,0.011377682492970696,0.009584401951071474,0.008281976902431477,0.007513955678869021,0.007641249742162319,0.007872536624323762,0.007619710093637136,0.007768440694685171,0.008043508010997224,0.007830627701202601,0.007430163131179371,0.007192017092366121,0.006828498089432658,0.00627310801700284,0.005989570436736393,0.005565913584284213,0.005149870631500862,0.0049602496617896915,0.00475105689839149,0.004580706015149621,0.004534783636186277,0.004498285101036608,0.00447336799904817,0.00447036708064711,0.00447783005197843,0.004569188898401103,0.004702143170395988,0.0046212207271660805,0.0047127509060463845,0.004702533736097493,0.004766476000947232,0.004835561999052209,0.004885131389462515,0.004998028145213451,0.0050126718644478785,0.005005940198449011,0.005096248090757325,0.005154718493245808,0.0052161817834063765,0.005270126806970305,0.005340717249002879,0.00542203602880231,0.005493647783263141,0.005560044231979544,0.005587738060817621,0.005657723351659701,0.005758734117155467,0.005813995538597925,0.005912605741911249,0.006001227319627473,0.0060774952997319,0.006091264350026679,0.006120568608294863,0.006170394299984806,0.006191773053065391,0.006207386604390797,0.006227181514175532
21,3,0.1687273224923939,0.15006985812249693,0.28794603923439815,0.15093289906147975,0.31749418879628877,0.1690184903385772,0.4932288149435635,0.001361400605852239,0.02265480809284179,0.1030902667874071,0.015143138030989427,0.005409781328614028,0.14613052337202653,0.007939847303972803,0.1038020069096467,1.053657047417999,0.03500690229909787,0.0036706935948653484,0.013009010418728642,0.06677705983341141,1.059879538168519,0.004410051384032341,0.033750414538749655,0.18428262117923683,0.17218479233218117,0.16038799064909517,0.23374354454665533,0.05677108482601091,0.017040223128628736,0.37567340508159963,0.15108910600029118,0.06765026910978499,0.005876031798869913,0.015786985766498386,0.3584036496448419,0.010099364322018349,0.060873960043677816,0.16451847611958353,0.2800152600669622,0.34774029537250606,0.3445239670734511,0.2955533876109902,0.24060385454758373,0.19285794501641335,0.15901546550194234,0.13657903514779604,0.1275209237561788,0.11942103336154511,0.11005643004447718,0.1098970500214125,0.1064459785608121,0.0995444948644049,0.09619864147306122,0.09401692603240641,0.08826203364785751,0.08258529429754317,0.08384956526777422,0.07910106642786145,0.07452179528400057,0.07475686709061663,0.07337557957492116,0.07165160602458578,0.07209018354291649,0.07218424883265936,0.07175025880155392,0.07076017871572407,0.07104831601047634,0.07241662124435007,0.0744315528995093,0.07170264524361589,0.07289823708816463,0.07154913809746707,0.07219713932750395,0.07322416826126256,0.07287646507627883,0.07423897843954369,0.07410640465124653,0.07326452996154523,0.07399962595622558,0.07466716418292833,0.07536074667327008,0.0750761058152524,0.07553058005762019,0.0768697684567555,0.07737191237107954,0.07762781528851641,0.0772209748268593,0.07826406253703233,0.07961514844167757,0.07919812455436118,0.08072896920136936,0.08159571084757969,0.08207050688359081,0.08119465975369844,0.0811879016533531,0.08175396593492482,0.0808860923227189,0.08063531394400208,0.08036070933860914
22,2,0.07383238391611374,0.08238248773436192,0.0715158785125018,0.0740966830698209,0.09588507856929812,0.04123522323179121,0.040204482391726075,0.00047081083370695,0.006053393071358803,0.003236259405163938,0.0007401634191005504,0.0004672460724866508,0.0064181707611283036,0.004362974358895761,0.013064330628228826,0.13909518419255984,0.0019272766081061127,0.0007539897388018535,0.0009223516318699104,0.023810201593619188,0.12766132943520267,0.001005122773150406,0.014983842928050052,0.10454344998896807,0.01040076322238987,0.055373000228081524,0.06837336171735856,0.008670565156424856,0.0006793908639266782,0.004199517199320022,0.008941761486787402,0.030029233027707693,0.004951064192114068,0.017357702812685966,0.010842566502689176,0.00011591339470761621,0.0006194788445885396,0.0015188870592678736,0.0025814860935827,0.0034761970588833894,0.003631357936867887,0.003265552062344328,0.0035642267866375817,0.00420488193671713,0.004218444846517947,0.0048416365321468265,0.006570117721857734,0.007204096322829437,0.007052629603661875,0.008161650621492465,0.008739139748657164,0.007570165510217799,0.006999813555520644,0.006981787402746278,0.0057376679143903,0.004338557252872427,0.0039695747939440945,0.003294496466091317,0.00232512998532917,0.0019068901193958453,0.001756388529986446,0.0013970312177529888,0.0011697194626872436,0.001122539909432247,0.0010740512313448436,0.0010123290161839328,0.0009869856499473484,0.0010035788883769351,0.0010160058319325623,0.0009959290477267778,0.001010996191323622,0.0010127360237335977,0.0010368158372317123,0.0010426884079020814,0.0010513048647408207,0.0010795207677241122,0.0010821318951240843,0.0010702952670713789,0.0011088856237089365,0.0011203674098324097,0.0011396351051145817,0.0011502908362635066,0.0011681626696147208,0.0011865229782512924,0.0012057095008541415,0.0012138709210586598,0.0012258903701023892,0.0012436693546049493,0.0012645885516620408,0.001279490835025517,0.0012992281904840547,0.0013147815682866464,0.0013358074705944994,0.00133356079142285,0.0013501315431818067,0.0013583181815853876,0.0014123703298443353,0.0013802311518117281,0.00138537596732664
23,3,0.1973297524592867,0.18862636761754853,0.37163030982178347,0.16391427520739324,0.5682516912356592,0.44651470351456424,1.5067935924617935,0.0009982474816425037,0.022017134651939975,0.25603757151252254,0.030774551956251252,0.008523439855158991,0.3384150413032485,0.001044880453435683,0.1209613615472712,1.2243765134575217,0.0854816032952975,0.0005996833474487174,0.009355676013644478,0.018318585979803483,1.2920107258677518,0.0007472041897096416,0.008711927025572205,0.18951364419624595,0.045878327801366504,0.018404958443366905,0.17425175692130362,0.011032959048998339,0.03846050354225064,0.24749089923777828,0.01028829970802611,0.005604940133958595,0.00029961509655294916,0.005380936057036424,0.020906224406799276,0.003668919109285906,0.021645921549161794,0.05799161465714016,0.09804476957201996,0.1209876826582238,0.11915753151560231,0.10165495544459516,0.08229792437812555,0.0658224130429761,0.05435162186710052,0.046658027344763,0.04346155248380339,0.04129240525231495,0.03826558500138238,0.03778759316282829,0.037233480009958325,0.03565525044819985,0.034099367216162954,0.03328786074778644,0.032243061849683965,0.030445949749842174,0.03027708334452859,0.02908094913978291,0.028019344145199604,0.027811334299408227,0.027100388038867114,0.026864439884137524,0.027161365506812085,0.027059299216370215,0.02698219982358098,0.02690636196390874,0.027004415242016883,0.027534255945251194,0.028384641581674645,0.027566697033099698,0.028058061036997366,0.02774164864239559,0.028044924707132723,0.028430094059368458,0.02848504767687966,0.029100813700241708,0.029087799266115193,0.0288656870379445,0.029269126455080376,0.029575758883109697,0.029863945804522746,0.029925270401399653,0.03021609015167364,0.030726575029365558,0.0310081002825479,0.031224621030715646,0.031202648460172608,0.031619641884742554,0.03218768442148701,0.032211664826293854,0.032797432641172686,0.033248158418041206,0.03353682905369527,0.03334285444280113,0.03340324235216709,0.033713578842064086,0.033503029053868504,0.03346804441478164,0.03345953570980768
24,2,0.08922042712335856,0.08933274083457368,0.1133590152132534,0.09003750108027503,0.10735872403086288,0.126570475008449,0.1967803469987313,0.0015078549891840783,0.018991182595421197,0.0026474676578487322,0.00141878370247644,0.0015732241400432537,0.005769235483468032,0.01660537473892879,0.05698957889820027,0.5920329886621764,0.003565372301174394,0.0043799242241611405,0.0066336506101193245,0.10771204231453323,0.5435091935087469,0.0034349602365981945,0.06058529722169965,0.2754881573099459,0.04615236865401139,0.01352170487509461,0.3482860788393415,0.01821404056171275,0.02205034670219266,0.08864999244961663,0.01820440645799191,0.002008016961849244,0.0006058737642407481,0.0004528595383334861,0.015656205941553033,0.0001053537210406372,0.0005501536121646384,0.0013239306998555499,0.0022575751707577113,0.0031195890765802637,0.0033338923381639757,0.0030238515863369197,0.0034166446520719406,0.004278979815706093,0.004415091211924332,0.004983925022092647,0.006901776604730165,0.007902320312937448,0.007672176263570199,0.008629205087936211,0.009603147801177863,0.008611358155389694,0.007601256004532036,0.007520226600551195,0.006604329730532461,0.004969785248163488,0.00417679924915255,0.003589816737460689,0.002712815277510716,0.0020301781473722772,0.0017500495284296647,0.001468160884885212,0.0012198479969129509,0.001089844549174007,0.001046965747324644,0.000995621812167355,0.0009460149648519895,0.0009570219514977038,0.0009868014331463383,0.0009635475411546188,0.000966653405914332,0.0009766931612613665,0.00100295884316355,0.0010045972395200948,0.0010141195656499706,0.0010484862655394348,0.0010556128856544064,0.001036752665731206,0.0010748384455562727,0.001092323441842991,0.0011089542078939934,0.00111767057233343,0.00113669227206147,0.0011543234877176257,0.0011752213197157898,0.0011880045630964218,0.0011966708433998798,0.0012089191400685665,0.0012350844621868274,0.0012575251443418937,0.0012679215996630317,0.0012805758917167525,0.0013119630038125568,0.0013077269854395242,0.001318603454224887,0.0013283344546677486,0.001386237865771297,0.0013535051274869443,0.0013583025973304885
25,3,0.12352886939794276,0.13770792226140435,0.11558444436695597,0.1252396107717315,0.15564279652973345,0.07168374533086813,0.06449198815537373,5.270620119857717e-05,0.0006703215969309673,0.0026266649463734634,0.0002209581545968478,7.525373396538823e-05,0.0032225410515424107,0.000591844415913383,0.002484449640506551,0.027482776991836957,0.004443865485001379,0.000628649626524528,0.0003483844818699728,0.012306167483443542,0.023267692459824775,0.00248015768143159,0.021993023210564542,0.0328881641590515,0.02131131977631971,0.05801813303565215,0.009934475724950025,0.026553759515598158,0.006051270812228884,0.014067756842264464,0.10973461367941038,0.012482000383162712,0.0009239195061671578,0.0024646632731575467,0.088129053486942,2.6587736039452567e-05,0.00013471470282343793,0.00029301122177756065,0.0005062681634726779,0.0007767158020087757,0.0008683470944244807,0.0008235375842359919,0.0011504154199233805,0.0016257917172329407,0.0017049280010826766,0.0020741584843134014,0.0030291043315533433,0.0033776082906880446,0.0032511257163094637,0.0038153196862551076,0.004187199267760084,0.0035613186471080884,0.003173687065071678,0.0032076100590089263,0.00265220718807681,0.0018732770961545399,0.001622688606368246,0.001362270170569441,0.0009160454146908265,0.0006496726715187743,0.0005707855900821779,0.0004370374619873513,0.0003318946395860936,0.0002944284398224611,0.0002722524343191847,0.00024968871362588904,0.0002396008880233361,0.00024242077174086465,0.00024220935195132432,0.00023805816312922373,0.0002416203891968921,0.00024358861634840137,0.0002499707675140502,0.00025032548862516276,0.000254226572868344,0.0002615438210338194,0.0002610328802736645,0.00025994755813167527,0.0002712414683858021,0.0002739764663190418,0.0002787724575537087,0.00028305141921239064,0.00028770761510445365,0.0002908520328081006,0.00029710685242970023,0.0003018878346677186,0.0003037271208002364,0.0003052955497830207,0.00031406039124261243,0.00032121156007144285,0.00032255527441588073,0.0003246018632519016,0.00033226085040932956,0.0003357029793580495,0.0003371337024916508,0.00034393552919039666,0.0003600495488774684,0.0003530604769402191,0.00035000493644204
26,2,0.8021018076815859,0.9235966829600762,0.795887073466947,0.7890043099271742,1.273232832684028,0.06408393876140622,0.037138353190124554,3.329143468589678e-05,0.00035123548092048674,0.050665654534183,0.002814162924088689,0.000256493713849612,0.05559341215025694,0.002800581853573656,0.0043395052650328815,0.05378545541886112,0.052366005907354275,0.0057720150178875475,0.0016340051841399498,0.09767545001507699,0.03175983567887089,0.00841737443856116,0.07149807737120935,0.1252171524895493,0.019985255883768288,0.08561414465204704,0.02942241236605606,0.10272226533055877,0.004960902773132857,0.0046919612696418485,0.1448579812086766,0.002568306655021755,0.00014264144687096576,0.0037986156323453766,0.11900525193679705,0.00019585402878097324,0.0010831524528933756,0.002778248605394055,0.0047152482570474346,0.006080112399214325,0.006176754789626841,0.005395906782960629,0.00514825557258004,0.005343767826084584,0.00504271552392474,0.005244269533779487,0.006741061521867597,0.007442143909635784,0.006998409031573996,0.007766862679263271,0.008678420761058844,0.007711825310661298,0.006711566473671529,0.006799574759008426,0.006137723059867123,0.004642299379389737,0.00404410749467651,0.003730810539378901,0.0029958925126527753,0.002418071023133455,0.0022747180325128616,0.002111830698485565,0.00191115345109276,0.0018286187877861006,0.001834167402482188,0.0018103199135223516,0.0017824769829567723,0.0018205712101926016,0.0018775106953237471,0.0018486361653794994,0.0018775584279343916,0.0018805870604306479,0.0019133002517174994,0.0019402839026762865,0.0019611759177014573,0.0020086364101805443,0.0020174542286185843,0.0020164709043560703,0.0020581005589049516,0.0020850462202042746,0.002107380130057881,0.0021307409488107564,0.002167608500266342,0.0022008567788403067,0.0022247367648705377,0.0022539942009842085,0.0022757760068355627,0.0023015590333836035,0.0023366643327409737,0.0023674324814429914,0.0024100402013343056,0.002437345824134716,0.0024701925290495806,0.0024850566985551333,0.0025025339699707963,0.0025135306550558827,0.0025565768269611494,0.002554663083922524,0.0025602307451123366
27,3,0.04730908712580632,0.05761011778633751,0.04772359743446988,0.04496340467143605,0.10043487896774016,0.05881824659890731,0.1655042360518471,5.8072669962612056e-05,0.0006535894353221382,0.016028042399325114,0.0010461408724130455,0.00014930921698799648,0.01746891658465041,0.0014532077132559673,0.0018626952937185377,0.019916163058844926,0.011193152591968425,0.0009659620333297148,0.00032219393864929227,0.017833658613320647,0.017404755727033382,0.0005494943347132871,0.0056402964982033505,0.02157506724649204,0.0021613901388790454,0.006178394761637097,0.016005257279122727,0.006473913320300476,0.0009969746882443023,0.005771409538318488,0.007598013512311407,0.009876040246365151,0.0015698130983197035,0.007865575967671441,0.00723547709769141,5.4610978601179184e-05,0.0002992560737928815,0.0007022612218751971,0.0012610172635739254,0.001905279912671685,0.0021157814183685904,0.00201940772397981,0.0026422567160148095,0.003478539241031987,0.003542020335445832,0.0043019312936638816,0.0061578203456423945,0.006649155245614028,0.006377651371671067,0.00761802238792562,0.00818921838585507,0.006766700926949245,0.006169918240285281,0.006301647145845271,0.005003876627124372,0.0035147650640947677,0.0032253515616338492,0.00264259251269018,0.0016939385355875527,0.001314581967990165,0.0012087947556074898,0.0008712519861314911,0.0006846732316297978,0.0006716728769284539,0.0006127646075926276,0.0005473076892093017,0.0005415222584458381,0.0005578640001186276,0.0005463677384176909,0.0005313977656267939,0.0005433326741080683,0.0005465137560887427,0.0005576318863342468,0.0005517126758398105,0.0005623176547137237,0.0005797265588072991,0.0005639840040012113,0.0005545837803276024,0.0005932271835847609,0.0005961258672510762,0.0005991613451093759,0.0006082572448010922,0.0006210066601868606,0.0006238350491013411,0.0006349420434126473,0.0006462907452220422,0.0006457110524158295,0.0006504598289329085,0.0006650845300791202,0.0006758800149396867,0.0006798986505902036,0.0006824508382503931,0.0007028531554892611,0.0006968218467662002,0.0007036184511844588,0.0007010587618940258,0.0007613458925845064,0.0007244393679235995,0.0007257855216567652
28,2,0.2690430845766265,0.2898454773381994,0.25610764632815997,0.2676878828743974,0.3295352904739394,0.26277349469239597,0.3536661201876172,0.00025496593232478477,0.0033596575893318527,0.01281210234853078,0.001007744113924529,0.00035667380904545943,0.01472777440551387,0.00337538340471007,0.013943509683068435,0.15202229798711445,0.012318365167777998,0.002515741605375278,0.001873545847175623,0.05137227227859909,0.13121777494878212,0.0033674308279396307,0.0264006025984155,0.1310915190561023,0.05586806367118085,0.15518605750452624,0.05610503120774009,0.04116150603938298,0.0031085358859837533,0.025124328044964506,0.02782969661075315,0.009369479577839386,0.0005178817392770117,0.006887180721147329,0.039345511928939765,0.0010478759178799112,0.005730914759850896,0.01469875380944651,0.025539025694159938,0.03285255327637564,0.03260034620589998,0.030849676653257767,0.031347577536519795,0.028666271383973072,0.029796871397641533,0.03668807506343951,0.03683796747078057,0.037259527802555134,0.04295080490057746,0.039799297910445335,0.03463635708520457,0.035345816115054954,0.029583782361689917,0.022274157718667885,0.021333348458843205,0.017440911153885588,0.012906612717187559,0.012214837049756334,0.011229013775449622,0.009344980621194755,0.009083280920684698,0.009151629554562161,0.008805397765254477,0.008683512224059834,0.008860572579867216,0.00894798030293039,0.008877674251750416,0.009142597791264183,0.009403222680982353,0.009261121918290992,0.00941392151625435,0.00942917875124618,0.009590016907655015,0.009706683727333985,0.00981308277086635,0.010045835639232281,0.010101855438828055,0.010092723177753796,0.010262359775967265,0.010401658631353878,0.010543160899568572,0.010620765155356036,0.010759261869441783,0.01095394171262248,0.011059166888536826,0.011218694022556389,0.01128233829047241,0.0114781144989848,0.011631969466902651,0.01170446260857403,0.011945958582444063,0.01212783875057234,0.012288877681178763,0.012299354283671448,0.012366950339209948,0.01247573047245933,0.012786643330463175,0.012614494896261215,0.012639998098785162
29,3,0.3322939339269231,0.3492826170476454,0.3705948860873006,0.34080657319138596,0.40895315964713047,0.2334037473816971,0.2520734286565557,0.0017013707389787731,0.021017766622469645,0.007957991400337596,0.0019781204928751117,0.0017562088021147169,0.014709632364579986,0.017337072669398993,0.04678832402353317,0.46743110238878965,0.009986466792765224,0.003356093325593583,0.006197159708025106,0.06816329097144866,0.44983120099172036,0.016100487403395067,0.19442538057416694,0.09409801753272284,0.244657137254768,0.3097516001457455,0.3106483646709001,0.12747857072194255,0.0062212140823287975,0.04012634157692735,0.1200118969928558,0.14504693926849718,0.016906254445242068,0.053285507616733216,0.13214748329130938,0.00030189254470351895,0.0017598736747146157,0.004598850359772231,0.0077943785577020515,0.00988818546882804,0.009920323439957635,0.00862269125403449,0.00784947029219072,0.0075046307304671295,0.006878952085832812,0.007072546913180545,0.0084449390069027,0.008848837093779555,0.008665073221430286,0.009616783465501547,0.00986639027072633,0.008827680120404285,0.008391951042332774,0.00800612122847259,0.006671901955968179,0.005615949069457889,0.005234303212638687,0.0042302248208583035,0.003402739241337263,0.0032131787740405236,0.0028907050908689724,0.0024427263562632933,0.0023738496362376697,0.0023664963668535944,0.0022363948326489308,0.0021569423273835302,0.0021751271575297148,0.0022123856848002338,0.0022471771870810776,0.002179875946984779,0.00221892351349356,0.002188428464715829,0.0022184388594316765,0.002238173986380114,0.00224218227008435,0.0022957570801363696,0.0022858077172590928,0.002250987858735152,0.002307329116704397,0.002332823929203397,0.0023545037066278517,0.0023517104599354503,0.002381489839852609,0.0024220877898166876,0.0024397379259743163,0.002452161824269916,0.0024587943313494802,0.002483964313132303,0.0025285809556899203,0.0025393352722845497,0.0025818928474487645,0.0026058844870767493,0.0026294472084159386,0.0026156446774229887,0.002623184854587353,0.0026567940086796708,0.002664026471532556,0.0026387363314286146,0.0026288455091337953
30,2,0.06392427536591223,0.04124248176433821,0.06888830981608185,0.07747506789910041,0.02457695807430314,1.100947975179965,2.208004661806071,0.0007471056363670958,0.006134608404707596,0.07525994712675504,0.002896439239826788,4.150832716023871e-05,0.06611515636433811,0.018546021673956643,0.010727776753472315,0.11800468078357443,0.044578890371190526,0.005596908075132337,0.0023667162340175623,0.1186353733367607,0.08203936790380638,0.0021272337904666813,0.032661851340301674,0.143997340223527,0.01859990497772054,0.004998673247854367,0.1931828229207801,0.009240336251548468,0.0002444265921545408,0.007597567478067326,0.005222608422292107,0.1154082924128583,0.017447403575328785,0.07586619452441537,0.00998146788956554,0.00011422271792559132,0.0006792582226652183,0.0017891216503847051,0.0030406788997195465,0.003865242400076482,0.0039011964168164212,0.0033866197966025426,0.0030327716262511266,0.002914618723286825,0.002687041779795171,0.0026365826196760827,0.0031598313261730565,0.0034715701897887353,0.003290398061130294,0.003527902143668015,0.0039037417033913192,0.003599218270892565,0.003144998215788364,0.0031024727359573387,0.002898728794733073,0.002311021430210498,0.0019719642830555973,0.0017890037911737337,0.0015299688236325927,0.0012709831330555688,0.001136295949382964,0.0010509676767241005,0.0009852028595103372,0.0009340124130025498,0.0009081264495336165,0.0008807767505289654,0.0008704515847451097,0.0008864132267019434,0.0009104534340771452,0.0008765703940994413,0.0008874881683404333,0.0008817787819870934,0.000893387387039759,0.0009004341316102008,0.0008997314325712121,0.0009234470569483843,0.0009248067484650908,0.0009133468546065875,0.0009259111204423505,0.0009392855376607727,0.0009470454385175301,0.0009460176430012143,0.0009587275174194141,0.0009757671179666001,0.0009798321491784247,0.000987135127417718,0.000991490274782349,0.0010018036235723122,0.001016211796135238,0.0010214385000338866,0.0010418602055380535,0.0010487372894303166,0.0010566553846979637,0.001055784238210636,0.0010590637513721833,0.0010628977780673663,0.0010697747541861353,0.0010647026133621677,0.0010603008002481725
31,3,0.04152331564558223,0.03883107468066417,0.030547678222680584,0.04626758326771915,0.24647310741920103,2.8480914830901103,6.415859230336121,0.0007717713485064991,0.016957157793519542,0.39129469449242826,0.032836924156367416,0.0060983881851731985,0.49035830749608095,0.001069129027496097,0.0177065083925056,0.15846331925944607,0.24203288982271332,0.013244140914219597,0.0006747888764278916,0.1469892455501537,0.24328524658550804,0.02036037521748013,0.23332876004495257,0.011869671925591047,0.00241312348210703,0.00492891139456726,0.019932672041940273,0.2270051677070347,0.0005241926481876857,0.0024054774122376247,0.0242829551913789,0.08011147922960314,0.01061017956352087,0.09255287528960705,0.007874221801041293,0.0006771905119403315,0.003921594070924123,0.010462990651356582,0.017689697383940283,0.021867325434357293,0.021559457562539817,0.018416861232976867,0.01503636847647441,0.012219043257826565,0.010211706491126394,0.008951272352645355,0.0085776848604582,0.00830968534973064,0.007783807850637861,0.00782365028547773,0.007837865847196455,0.007439833096668765,0.00710762177786342,0.007033793502419351,0.006732481007746931,0.00621074628957829,0.0061849841280367315,0.006018308056436725,0.005689364409145427,0.00555389806808569,0.005482751704119323,0.005481124856696202,0.005476880394810213,0.0054359760015605905,0.0054811196755239705,0.005523002570545975,0.0055230435554523075,0.005627514529368113,0.005823911246104562,0.005712937283425504,0.0058047375732619,0.0057694709205148706,0.0058565259987168675,0.005940090320061292,0.0059707862279342935,0.006112842904749003,0.0061327723365571015,0.0060908113154993495,0.0061845071635289435,0.006272412851770623,0.006342572561629578,0.0063673676971372755,0.006446266672512317,0.006564078535203039,0.006632478846077725,0.0066865212697690074,0.0067145086581475435,0.006807441294072433,0.006919552492789082,0.006957520951536116,0.0070870745524718795,0.007189327275523875,0.007260751254921215,0.007261892034708839,0.007292877406682836,0.007354362230979643,0.007347723564217227,0.007364529107085661,0.00737724506689976
32,2,0.2826010059919614,0.3201603066332939,0.22530359750048926,0.28294994992494776,0.3214941766608656,0.237493027636349,0.23495711352813312,0.0004979364058662744,0.006729636780274299,0.0032419690656509312,0.0009264346908767276,0.0006257977349415776,0.006385302690644074,0.004905127129753455,0.022929219581405483,0.24815457211176295,0.002865753484610333,0.001865481451543791,0.0021361866951855072,0.050732468025506766,0.22151723563218734,0.0013707347621839904,0.006898659353338742,0.19947807242395038,0.03593423333811967,0.14721989459315238,0.088757650587588,0.02049444787363794,0.0014209471048207457,0.007353952570396624,0.07963254728350938,0.008483291164883871,0.0002584785433735445,0.001151674056657399,0.10607977782165808,8.023528008768847e-05,0.00041469454719763937,0.0009896330782371474,0.0016716179607327683,0.0022743881955885107,0.0023733215522295896,0.002128779448845934,0.002457937589190442,0.0030437224155331196,0.003038612551111841,0.003547761675091494,0.005033597068398661,0.005526022436104589,0.005238406654187672,0.00618176209716736,0.006821257443081747,0.005727311518957201,0.0051323557290591645,0.005341831162726107,0.004412159438124672,0.00311694390845237,0.0028982672228171744,0.0025388526298902015,0.0016993531286853814,0.001347590634456611,0.0013520545518875059,0.001080693624732353,0.0008599086533844727,0.0008743423607974949,0.0008690881340682208,0.0008011714751186022,0.0007852692822920094,0.000816366371815632,0.0008221064277928425,0.0008132925494035304,0.0008321055885392341,0.0008346136266184481,0.0008489784817498744,0.0008631368848529789,0.0008767200693865216,0.0008943768305054781,0.0008940836728652425,0.0009123810853002583,0.0009286451682457393,0.0009389910936899933,0.0009541522841674886,0.0009735962971866898,0.00098580204680738,0.001000242285566682,0.0010218671950757432,0.0010400727683449577,0.001044202672767446,0.001063418133231102,0.0010819577996696605,0.0010922329319609505,0.0011132512707858835,0.0011347590306287326,0.001152360636135151,0.0011570680059918015,0.0011698309745621987,0.0011787784633307346,0.0012008666232756326,0.0012045943358641135,0.0012120019260396526
33,3,0.2702292198837026,0.3148753653550564,0.18486394198641765,0.2871955105246459,0.2380325565011074,0.48594108517254386,0.6502470315282443,0.0003841948657478464,0.006861987545256164,0.022384945425240253,0.004128707192388937,0.0016256778043165449,0.03422226131460719,0.001974946570471892,0.04491261831689877,0.479258919921464,0.0014027644227091345,0.0022536696665928007,0.004221311326291638,0.05752778096902222,0.44946996195869027,0.0031248963692704873,0.01609735163728286,0.2579552776494247,0.016697167473239977,0.11812486911626499,0.10881033914989348,0.04407667613329257,0.06313094847093237,0.27823198225890977,0.18647142052104482,0.04761475606293718,0.0023140143115530035,0.009617820774426486,0.090269939430214,1.1794674396348742e-05,4.3478621501167086e-05,3.879001766322735e-05,7.789291628454762e-05,0.00027255883925368597,0.0003961107213397932,0.0004385169637851771,0.0008965022898027885,0.0015282920233431235,0.0017219328504118534,0.0021757560371534366,0.003222253284074681,0.0036954306216837067,0.0036742463463060385,0.004226217197381588,0.004585344748215441,0.004070180205955432,0.0036836507195219213,0.003520952316224347,0.0029310352803223333,0.002242695318947531,0.0018423245408854,0.0013956238989383876,0.0010080545117026052,0.0007581064233688828,0.0005391294156614172,0.00035998295948443007,0.00031036280221499144,0.0002492126824639887,0.00017441297650697585,0.00016381070797033412,0.00016946366242954442,0.0001568999857907992,0.000143415965460548,0.0001503678432522869,0.00015568669874655388,0.00015502769590569078,0.0001627855207243899,0.00016149303798294125,0.00016625888595208946,0.0001708881529831165,0.0001733365255814255,0.00016315477457457252,0.00018266822963145446,0.00018267556973322233,0.0001925995615250194,0.00019466709262945224,0.00019704525703135705,0.00019965093581241806,0.00020876598580087894,0.0002068842943043135,0.00021116682655728658,0.00021172846361941126,0.0002196626109510494,0.00023021678295693544,0.00022709837226087492,0.00022619631077215368,0.0002340451991786045,0.00023778048327715407,0.0002437035616729013,0.00024805826488060405,0.00028432636641036375,0.00026160810485359736,0.00025936692192438354
34,2,0.2502080081191274,0.2770184279923306,0.2377079195580213,0.24649334272791085,0.3376801302279995,0.09585669750906664,0.06866944989017879,7.693889730351177e-05,0.0008913578370567522,0.007236399376875161,0.00040212527352638,8.610175464521762e-05,0.007508890236356489,0.0014125528524914477,0.003346753392845951,0.03555484044809868,0.005115712923077474,0.0009813074316810993,0.0006984642409028524,0.016302695756526993,0.030316109189806276,0.0004101653697067551,0.0036002253969082336,0.02254644085816704,0.005293767451455472,0.00344650741444476,0.02267420401763411,0.0057009479490280485,0.00042332520776047094,0.004518229271986233,0.03309937919348379,0.01594954283976163,0.001249183274467488,0.0039210137815064,0.04570460597460052,0.0002222527931778377,0.001234720338211411,0.0031749105095329948,0.005355850754910959,0.00679985570189154,0.006804837835780353,0.005909109518895958,0.005516680939887503,0.0054338347335742615,0.004996395775151355,0.005294341066051999,0.006573870349819886,0.006850725355758178,0.006586370080204889,0.007565071412618279,0.007913618520226897,0.006756696915727178,0.00638154876477685,0.006455444029932748,0.005277437362922631,0.004119378346957008,0.00404492786571593,0.003506994727685589,0.0026255784475105845,0.002395929204932082,0.00237151043144093,0.0020726591019668283,0.0019029631988028836,0.0019210308259631267,0.0019112492406898676,0.0018688235430231056,0.0018567970241958175,0.0019062143661056688,0.001957341647414037,0.0019253088316720701,0.001957176817493025,0.0019564053852616017,0.001995436156105117,0.0020154334189690713,0.0020334283433894717,0.002084510404790872,0.0020855737662736087,0.002076984117733805,0.0021293769888863063,0.0021531560610650695,0.002185279473682648,0.0022080631971608694,0.0022348485709800915,0.0022696002273786386,0.0023089925525164885,0.0023327327833040476,0.0023411564640101012,0.0023768989592903907,0.0024197348231825597,0.0024401902179412597,0.002481395329005698,0.002519545848478478,0.0025558118216650228,0.002553483227198343,0.0025752398640189055,0.00258762583151576,0.0026357451116420186,0.0026181301608380505,0.002629196453115375
35,3,0.05758113620861817,0.06349609533537023,0.05365292981961292,0.06167892774897271,0.06266997538644743,0.1031565402549402,0.16141502653247145,0.00017368880183930616,0.0020311148390441468,0.0062917974420295154,0.000596799120953667,0.00017078954311382274,0.0078089819606795225,0.0018063818930947753,0.0027603412445711293,0.028353421468983106,0.0037296063321151556,0.0003934609748821313,0.000410053866794741,0.006128294173355082,0.027827550371391216,0.0010047307099666821,0.012493909987294105,0.02146014141807746,0.0216415174711177,0.04982369260558999,0.015090712561649502,0.009944277961453961,0.00820796483864416,0.079971677105875,0.011197686541665372,0.008362739213607931,0.001371755335697625,0.0028888514003395484,0.007431495939823285,0.00013756722168509642,0.0007921704637021978,0.0020774891446240073,0.0035328025804089603,0.004497039874793285,0.004538725318371412,0.003943178124243583,0.0035468035343624235,0.003408928501622581,0.003129635236444638,0.0030845679537526544,0.003694572073048099,0.004025441257481023,0.0038177990317091893,0.004110569153509533,0.004489569531543076,0.004101384768166808,0.0036442699763847503,0.0035912306928342526,0.0032562078313030855,0.002606672555224335,0.0023173675168413005,0.0020748325290721095,0.0017147077837663645,0.0014795510509988136,0.001382876233999328,0.0012586680958427852,0.001170193091561887,0.0011433084156032254,0.001129555873465494,0.0010968660917694572,0.0010890578416860412,0.0011142361430455747,0.001141827491422372,0.0011091580229356294,0.0011280371041432753,0.0011192812956448707,0.0011358656841974238,0.001152044521909314,0.0011528472172762172,0.0011749981882684794,0.0011790273113910703,0.0011788707189097137,0.0011918890424136089,0.0012023427238891582,0.00122091607478337,0.0012291781163828288,0.0012363703194817905,0.0012562762798503826,0.001275192563575889,0.0012865052789804206,0.0012832521635343518,0.001304638083225687,0.0013274962905536506,0.0013266857654852188,0.001353423996513395,0.0013758403043694473,0.001386975035315954,0.0013792811465182919,0.0013889815009922749,0.0014014569983942073,0.0013976767444886446,0.0013985999396859512,0.0014041341458885005
36,2,1.831852684225064,2.1068859106967124,1.6270422737121393,1.8577471439253381,2.3790137150504007,0.7710976262041396,0.4165341142785351,0.00030167968096655627,0.003972882123114579,0.011844731782679408,0.00020202244908810635,0.000545753573412576,0.009168135103586335,0.006069391630209437,0.047861198567255986,0.502194792203414,0.01765157833616369,0.011253287906805876,0.012139659351411718,0.16082809763109782,0.4334990036781719,0.0066338660187741415,0.05161897506544963,0.10171580867186088,0.21801564200996076,0.26785398562167845,0.13801250297038897,0.10036597388557532,0.009642054038115513,0.03716729120842269,0.13905083229238366,0.04555814825489513,0.006037357078371411,0.006517968667250145,0.1365219905842211,3.366624648976122e-05,0.00016330203103629494,0.0003597425137104949,0.0006043263615111768,0.0008926430604226092,0.0010010704423374147,0.0009272764555696568,0.0011856717413551564,0.0016999712538478457,0.0018582496269268095,0.0021245037061265386,0.0030402356707011197,0.0036404673521976336,0.00355719536279685,0.00392029830130731,0.00448294349241033,0.004149489418112268,0.00357542224170949,0.0034987895723203903,0.00320833687006173,0.0024241902598677377,0.001923438820652866,0.0016953935655633992,0.0013352548881756085,0.000917959392152545,0.0007468975216136174,0.0006706844742278041,0.0005467571688920369,0.00042810135913221747,0.0004054991393259201,0.00041088216542207887,0.0003854357367471694,0.00036656989080785046,0.00037539184912664035,0.00038092326293555833,0.00038424477494423856,0.0003826414960250551,0.00039130988276342025,0.0003981728774023046,0.00040488844682824915,0.0004144982298996858,0.00042182009289316446,0.00041820189179402826,0.0004313468605398207,0.00043802392354345065,0.000448211319294133,0.0004539168513543588,0.0004611302825989548,0.0004696326618057908,0.0004800520148028839,0.0004843741780030185,0.0004911840121084383,0.000497760571902701,0.0005076891085623435,0.0005195060055959852,0.0005245755519620095,0.0005291465051691418,0.0005410343178286058,0.0005455712982787648,0.0005527965711455341,0.0005535481907193172,0.0005802527817994175,0.00057299047991237,0.0005750386012651249
37,3,0.39028019543432085,0.4033790957646535,0.3336141172938302,0.3861526601613143,0.3685958224012858,0.5385984124625175,0.6576344800722731,0.0005367847036976442,0.007326376516373803,0.011577607306842982,0.0019048261475553667,0.0008152145657653112,0.01916138175001595,0.004003446854274024,0.015439360454481852,0.15945813070670103,0.004537268058941843,0.00047351295659080975,0.001141437707886376,0.014132866352876403,0.156643024253925,0.001549045015925235,0.02501555770019676,0.09225832998424598,0.010606685650979268,0.03675783392966553,0.07993599499209628,0.012579993144368192,0.0029552860498088434,0.0072680404675518956,0.0738197482964369,0.052899673029585946,0.0039861585712543035,0.021210660314134544,0.11540564639320536,0.0008366425583108845,0.004589404112772885,0.012037232656554389,0.02038683781545361,0.02556299046622602,0.025462330872071812,0.021919753925722065,0.018875658818747275,0.01684029648421824,0.014859017494264933,0.014287746524588401,0.015898811320416227,0.01653562877231992,0.015792879746671155,0.01707919270313941,0.01815674530789288,0.01659135670797786,0.015508748402134188,0.015678937014674384,0.014258359187934805,0.012102640197106388,0.011749879118440285,0.011119047625125583,0.009627818293468695,0.008985286989673553,0.00896346809876187,0.008660589065063447,0.00828319293786375,0.008235262051483307,0.008417561129478163,0.008490158886522775,0.00841881678358108,0.008592571313199255,0.00890744841606784,0.008862031932652949,0.009011886965079503,0.009024309436488867,0.00919086166175693,0.00933808735131587,0.009448133756789767,0.009670101219333633,0.009738083435176717,0.009731944636270662,0.009908571871745904,0.010039835273801603,0.010182558379651182,0.010304844000476267,0.010443027773113542,0.010606872060507453,0.010772728356689656,0.010905753673086615,0.010971715021555565,0.011126227162568095,0.011317876285152786,0.011433611974999078,0.011622902675398974,0.011820402446186151,0.011984022334494297,0.012036459780246868,0.012128382418455541,0.012243670246564253,0.012314865471107089,0.012376535928494867,0.012447961634081933
38,2,0.5250067475245743,0.39539930472553686,0.7506037262211078,0.4840537133479694,0.48016967272896965,0.6823413105154623,0.8557592543874745,0.0006615533913093032,0.011921344499752644,0.031881709559129015,0.0068030198109220695,0.003354276498225401,0.04745289441870863,0.005378323823566458,0.11621292009621029,1.2144654329281765,0.010830332272490079,0.012383441586381582,0.01980960266146454,0.19543544489562714,1.1290717782773567,0.01532787176975561,0.11174369310530248,0.26578013692347374,0.15293348048413538,0.11374901509186754,0.20761679710757522,0.210663827386953,0.004087396984204061,0.031003871832070422,0.05903582310688521,0.0018103542635334242,0.000666140515403768,0.005668715697100072,0.041267948691039016,0.018861094199438905,0.11076542355327032,0.297597420407759,0.5044888266813945,0.6233054610961608,0.6147320914876606,0.5254744466453942,0.42402071568675437,0.335767251295714,0.2755656057625983,0.23407694210947827,0.21139885234784528,0.19706024293746627,0.18217613903547097,0.17700937926392452,0.1712142919611283,0.16545483475276537,0.16064071446817207,0.15747481804503027,0.15447254435629582,0.1493099270912786,0.15153407774593636,0.14817061057568165,0.1446523677110029,0.1452232671017157,0.1433156350649234,0.143737377352576,0.14548394578106016,0.14525610361078195,0.1461466102281526,0.14672623897143502,0.14691205368761948,0.14984401994993946,0.15511246706814136,0.15142945024935475,0.1537780092793115,0.15236866492422343,0.15454036218541367,0.1567999211182185,0.15717788652935683,0.16063412677711175,0.16092122525119282,0.15983450815058337,0.16212138320037744,0.1639485907970778,0.16562066979861131,0.1662463297998462,0.16807311073155196,0.170851372600904,0.1724638755450596,0.17392032309674632,0.17413767083875795,0.17636738029818863,0.17938592423222646,0.1799766002915532,0.1832719847532044,0.18575177456553021,0.1875276765457638,0.1869699680958961,0.18749197001475112,0.18907327650606467,0.1882790905552385,0.18846670076204958,0.18860821509392336
39,3,0.1587528072000652,0.22463788569875037,0.15293064054115,0.15619291202849234,0.4673276283605773,0.7183725688166084,1.8653481969004375,0.00018638758546283838,0.003141759128815531,0.12428210599552858,0.007465752644569522,0.0008642215802248592,0.14620814181134836,0.003372230119074613,0.009784011710934763,0.11225067481173193,0.10489883195875213,0.014360375229536267,0.005684576471666562,0.18859342570207954,0.07660724280883845,0.020922701407073925,0.20449463857212746,0.08513986447941539,0.03298361574249414,0.033053765180765436,0.0439123972944009,0.25050837145934735,0.0013874019343652153,0.012866833053600606,0.015080402679078906,0.015602791676335414,0.0029519731899126885,0.011583876022156787,0.02232491990086539,0.0019328809786388786,0.011588523535061845,0.031035175700088583,0.05283161949309802,0.06602229596878664,0.06550389075648955,0.056638537339667554,0.04811557313654813,0.040428306439482545,0.03459750833838164,0.033077402626810776,0.03387991929902258,0.032183695488764416,0.03174047402542947,0.03364182043579309,0.03145121343658828,0.028735302825623466,0.02825684467354901,0.02582688016859118,0.022341096799059566,0.020516186125570414,0.0195170648409667,0.016886073738779223,0.015520671820830946,0.015100168873595873,0.014130614238191747,0.01353718611940885,0.01355719895533451,0.01328715445889453,0.01307560426720564,0.012902171991016991,0.012900822211978219,0.012998408889048607,0.013394252130996109,0.012924326163561161,0.013072049627198839,0.012728276910124358,0.012880757420561254,0.013091020885651394,0.012922121165651293,0.013163169820164897,0.013190073473766328,0.013007804010018812,0.013042701221684057,0.013221695200091506,0.013330585517131243,0.013177506781053096,0.013259472452622684,0.013558248150042659,0.013577176371156234,0.013567129803721868,0.01352503168485495,0.013729442804994775,0.013896332767081892,0.01378403826252948,0.014114157434818546,0.014200206863502792,0.014239992273677657,0.014085565679753716,0.014067233690247923,0.014094572734924937,0.014043218358662445,0.013936440303983878,0.01380551967254283
